{
    "file_name": "10081.jpg",
    "processing_time": {
        "leiden": 0.9010705947875977,
        "hedonic": 0.9056332111358643,
        "louvain": 0.8128595352172852,
        "label_propagation": 0.7942626476287842,
        "infomap": 1.0800583362579346
    },
    "memory_usage": {
        "leiden": 172.33203125,
        "hedonic": 184.34375,
        "louvain": 184.5703125,
        "label_propagation": 185.30859375,
        "infomap": 181.58984375
    },
    "metrics": {
        "leiden": {
            "ami": 0.3905536912187571,
            "rand_index": 0.7254245204759707,
            "f1_score": 0.4993125320223881,
            "iou": 0.9972539037959599
        },
        "hedonic": {
            "ami": 0.3905536912187571,
            "rand_index": 0.7254245204759707,
            "f1_score": 0.4993125320223881,
            "iou": 0.9972539037959599
        },
        "louvain": {
            "ami": 0.47787596962490303,
            "rand_index": 0.7559887208944155,
            "f1_score": 0.4550835015599193,
            "iou": 0.835143554769723
        },
        "label_propagation": {
            "ami": 0.48410186472605715,
            "rand_index": 0.7536837024666911,
            "f1_score": 0.4975168903526471,
            "iou": 0.9901166443222518
        },
        "infomap": {
            "ami": 0.4929928300973496,
            "rand_index": 0.7548926290210005,
            "f1_score": 0.49025246205805934,
            "iou": 0.9617554290451487
        }
    }
}