{
    "file_name": "14085.jpg",
    "processing_time": {
        "leiden": 0.8521673679351807,
        "hedonic": 0.8319704532623291,
        "louvain": 0.7832424640655518,
        "label_propagation": 0.8126497268676758,
        "infomap": 0.9768650531768799
    },
    "memory_usage": {
        "leiden": 185.60546875,
        "hedonic": 183.0234375,
        "louvain": 187.015625,
        "label_propagation": 189.5546875,
        "infomap": 186.8125
    },
    "metrics": {
        "leiden": {
            "ami": 0.2782538055459992,
            "rand_index": 0.5671701710501285,
            "f1_score": 0.49934987240638,
            "iou": 0.997402866561745
        },
        "hedonic": {
            "ami": 0.2782538055459992,
            "rand_index": 0.5671701710501285,
            "f1_score": 0.49934987240638,
            "iou": 0.997402866561745
        },
        "louvain": {
            "ami": 0.28206110327830436,
            "rand_index": 0.5968717988651648,
            "f1_score": 0.4597907052414657,
            "iou": 0.8511343838446642
        },
        "label_propagation": {
            "ami": 0.34369670538033514,
            "rand_index": 0.6036138034757956,
            "f1_score": 0.48979261393676643,
            "iou": 0.9599873057816983
        },
        "infomap": {
            "ami": 0.31982588778634086,
            "rand_index": 0.5973023829713578,
            "f1_score": 0.46791668676899323,
            "iou": 0.8794049261338981
        }
    }
}