{
    "file_name": "14085.jpg",
    "processing_time": {
        "leiden": 0.7887928485870361,
        "hedonic": 0.8634297847747803,
        "louvain": 0.8007144927978516,
        "label_propagation": 0.7980132102966309,
        "infomap": 0.9869561195373535
    },
    "memory_usage": {
        "leiden": 185.8984375,
        "hedonic": 183.5,
        "louvain": 187.8515625,
        "label_propagation": 191.265625,
        "infomap": 186.25390625
    },
    "metrics": {
        "leiden": {
            "ami": 0.2782538055459992,
            "rand_index": 0.5671701710501285,
            "f1_score": 0.49934987240638,
            "iou": 0.997402866561745
        },
        "hedonic": {
            "ami": 0.2782538055459992,
            "rand_index": 0.5671701710501285,
            "f1_score": 0.49934987240638,
            "iou": 0.997402866561745
        },
        "louvain": {
            "ami": 0.28206110327830436,
            "rand_index": 0.5968717988651648,
            "f1_score": 0.4597907052414657,
            "iou": 0.8511343838446642
        },
        "label_propagation": {
            "ami": 0.34369670538033514,
            "rand_index": 0.6036138034757956,
            "f1_score": 0.48979261393676643,
            "iou": 0.9599873057816983
        },
        "infomap": {
            "ami": 0.31982588778634086,
            "rand_index": 0.5973023829713578,
            "f1_score": 0.46791668676899323,
            "iou": 0.8794049261338981
        }
    }
}