{
    "file_name": "14092.jpg",
    "processing_time": {
        "leiden": 0.7757284641265869,
        "hedonic": 0.7864081859588623,
        "louvain": 0.771554708480835,
        "label_propagation": 0.77626633644104,
        "infomap": 0.9162287712097168
    },
    "memory_usage": {
        "leiden": 190.73828125,
        "hedonic": 196.671875,
        "louvain": 192.3125,
        "label_propagation": 194.64453125,
        "infomap": 199.1484375
    },
    "metrics": {
        "leiden": {
            "ami": 0.3166591240009962,
            "rand_index": 0.4494543058309946,
            "f1_score": 0.4969094670989394,
            "iou": 0.9877138101437167
        },
        "hedonic": {
            "ami": 0.3166591240009962,
            "rand_index": 0.4494543058309946,
            "f1_score": 0.4969094670989394,
            "iou": 0.9877138101437167
        },
        "louvain": {
            "ami": 0.3008717583487906,
            "rand_index": 0.48570585691124646,
            "f1_score": 0.4634065815675794,
            "iou": 0.8636083963186767
        },
        "label_propagation": {
            "ami": 0.29787117918484346,
            "rand_index": 0.4854051420611151,
            "f1_score": 0.4801418153168623,
            "iou": 0.9236015310781666
        },
        "infomap": {
            "ami": 0.3266098903852577,
            "rand_index": 0.49335232893837805,
            "f1_score": 0.4737722852926441,
            "iou": 0.9003180031217415
        }
    }
}