{
    "file_name": "14092.jpg",
    "processing_time": {
        "leiden": 0.7866301536560059,
        "hedonic": 0.792078971862793,
        "louvain": 0.7764794826507568,
        "label_propagation": 0.7730555534362793,
        "infomap": 0.9138791561126709
    },
    "memory_usage": {
        "leiden": 191.125,
        "hedonic": 196.9609375,
        "louvain": 191.84375,
        "label_propagation": 195.16015625,
        "infomap": 199.73046875
    },
    "metrics": {
        "leiden": {
            "ami": 0.3166591240009962,
            "rand_index": 0.4494543058309946,
            "f1_score": 0.4969094670989394,
            "iou": 0.9877138101437167
        },
        "hedonic": {
            "ami": 0.3166591240009962,
            "rand_index": 0.4494543058309946,
            "f1_score": 0.4969094670989394,
            "iou": 0.9877138101437167
        },
        "louvain": {
            "ami": 0.3008717583487906,
            "rand_index": 0.48570585691124646,
            "f1_score": 0.4634065815675794,
            "iou": 0.8636083963186767
        },
        "label_propagation": {
            "ami": 0.29787117918484346,
            "rand_index": 0.4854051420611151,
            "f1_score": 0.4801418153168623,
            "iou": 0.9236015310781666
        },
        "infomap": {
            "ami": 0.3266098903852577,
            "rand_index": 0.49335232893837805,
            "f1_score": 0.4737722852926441,
            "iou": 0.9003180031217415
        }
    }
}