{
    "file_name": "15062.jpg",
    "processing_time": {
        "leiden": 0.7702233791351318,
        "hedonic": 0.8138389587402344,
        "louvain": 0.7706377506256104,
        "label_propagation": 0.7803230285644531,
        "infomap": 0.9345338344573975
    },
    "memory_usage": {
        "leiden": 193.36328125,
        "hedonic": 198.26171875,
        "louvain": 202.81640625,
        "label_propagation": 197.76171875,
        "infomap": 202.52734375
    },
    "metrics": {
        "leiden": {
            "ami": 0.5117953755891608,
            "rand_index": 0.7959950388083409,
            "f1_score": 0.4849385533005084,
            "iou": 0.941515922824334
        },
        "hedonic": {
            "ami": 0.5117953755891608,
            "rand_index": 0.7959950388083409,
            "f1_score": 0.4849385533005084,
            "iou": 0.941515922824334
        },
        "louvain": {
            "ami": 0.6451167146154244,
            "rand_index": 0.86220282532265,
            "f1_score": 0.4248854620628003,
            "iou": 0.7387840752326733
        },
        "label_propagation": {
            "ami": 0.581179235542986,
            "rand_index": 0.8195418204491615,
            "f1_score": 0.4652649588041961,
            "iou": 0.8700850383093374
        },
        "infomap": {
            "ami": 0.6477430566407124,
            "rand_index": 0.8658578339162815,
            "f1_score": 0.4248854620628003,
            "iou": 0.7387840752326733
        }
    }
}