{
    "file_name": "15062.jpg",
    "processing_time": {
        "leiden": 0.7833824157714844,
        "hedonic": 0.7994413375854492,
        "louvain": 0.7576127052307129,
        "label_propagation": 0.7562592029571533,
        "infomap": 0.9643728733062744
    },
    "memory_usage": {
        "leiden": 193.453125,
        "hedonic": 198.203125,
        "louvain": 202.98046875,
        "label_propagation": 197.2109375,
        "infomap": 201.25
    },
    "metrics": {
        "leiden": {
            "ami": 0.5117953755891608,
            "rand_index": 0.7959950388083409,
            "f1_score": 0.4849385533005084,
            "iou": 0.941515922824334
        },
        "hedonic": {
            "ami": 0.5117953755891608,
            "rand_index": 0.7959950388083409,
            "f1_score": 0.4849385533005084,
            "iou": 0.941515922824334
        },
        "louvain": {
            "ami": 0.6451167146154244,
            "rand_index": 0.86220282532265,
            "f1_score": 0.4248854620628003,
            "iou": 0.7387840752326733
        },
        "label_propagation": {
            "ami": 0.581179235542986,
            "rand_index": 0.8195418204491615,
            "f1_score": 0.4652649588041961,
            "iou": 0.8700850383093374
        },
        "infomap": {
            "ami": 0.6477430566407124,
            "rand_index": 0.8658578339162815,
            "f1_score": 0.4248854620628003,
            "iou": 0.7387840752326733
        }
    }
}