{
    "file_name": "16004.jpg",
    "processing_time": {
        "leiden": 0.7681863307952881,
        "hedonic": 0.7952704429626465,
        "louvain": 0.8056566715240479,
        "label_propagation": 0.7629275321960449,
        "infomap": 0.9002025127410889
    },
    "memory_usage": {
        "leiden": 205.48828125,
        "hedonic": 201.1796875,
        "louvain": 205.69921875,
        "label_propagation": 209.57421875,
        "infomap": 201.09375
    },
    "metrics": {
        "leiden": {
            "ami": 0.667164740983399,
            "rand_index": 0.9338865932604734,
            "f1_score": 0.49519886224314646,
            "iou": 0.9809781024734295
        },
        "hedonic": {
            "ami": 0.667164740983399,
            "rand_index": 0.9338865932604734,
            "f1_score": 0.49519886224314646,
            "iou": 0.9809781024734295
        },
        "louvain": {
            "ami": 0.6647977361459179,
            "rand_index": 0.9057065080151129,
            "f1_score": 0.46614687780928016,
            "iou": 0.8731743965388825
        },
        "label_propagation": {
            "ami": 0.7066148149064841,
            "rand_index": 0.9342306938097699,
            "f1_score": 0.46614687780928016,
            "iou": 0.8731743965388825
        },
        "infomap": {
            "ami": 0.7165696471092516,
            "rand_index": 0.932477606926423,
            "f1_score": 0.46614687780928016,
            "iou": 0.8731743965388825
        }
    }
}