{
    "file_name": "16068.jpg",
    "processing_time": {
        "leiden": 0.7814834117889404,
        "hedonic": 0.8032169342041016,
        "louvain": 0.7621440887451172,
        "label_propagation": 0.7791776657104492,
        "infomap": 0.9001364707946777
    },
    "memory_usage": {
        "leiden": 206.13671875,
        "hedonic": 210.66015625,
        "louvain": 207.609375,
        "label_propagation": 210.97265625,
        "infomap": 215.10546875
    },
    "metrics": {
        "leiden": {
            "ami": 0.3819488735098376,
            "rand_index": 0.7206044547618805,
            "f1_score": 0.4987013071343693,
            "iou": 0.9948186864074715
        },
        "hedonic": {
            "ami": 0.3819488735098376,
            "rand_index": 0.7206044547618805,
            "f1_score": 0.4987013071343693,
            "iou": 0.9948186864074715
        },
        "louvain": {
            "ami": 0.3970382534225558,
            "rand_index": 0.7284724120051707,
            "f1_score": 0.45704570070189754,
            "iou": 0.8417756361681595
        },
        "label_propagation": {
            "ami": 0.36511026904965427,
            "rand_index": 0.7165855732363408,
            "f1_score": 0.44156144773533657,
            "iou": 0.7907073140718001
        },
        "infomap": {
            "ami": 0.38130541075613616,
            "rand_index": 0.7186144852010912,
            "f1_score": 0.4594086445039651,
            "iou": 0.8498261021625507
        }
    }
}