{
    "file_name": "16068.jpg",
    "processing_time": {
        "leiden": 0.7934591770172119,
        "hedonic": 0.7916810512542725,
        "louvain": 0.7526755332946777,
        "label_propagation": 0.7610831260681152,
        "infomap": 0.91375732421875
    },
    "memory_usage": {
        "leiden": 207.0546875,
        "hedonic": 211.00390625,
        "louvain": 207.8203125,
        "label_propagation": 210.9140625,
        "infomap": 215.09375
    },
    "metrics": {
        "leiden": {
            "ami": 0.3819488735098376,
            "rand_index": 0.7206044547618805,
            "f1_score": 0.4987013071343693,
            "iou": 0.9948186864074715
        },
        "hedonic": {
            "ami": 0.3819488735098376,
            "rand_index": 0.7206044547618805,
            "f1_score": 0.4987013071343693,
            "iou": 0.9948186864074715
        },
        "louvain": {
            "ami": 0.3970382534225558,
            "rand_index": 0.7284724120051707,
            "f1_score": 0.45704570070189754,
            "iou": 0.8417756361681595
        },
        "label_propagation": {
            "ami": 0.36511026904965427,
            "rand_index": 0.7165855732363408,
            "f1_score": 0.44156144773533657,
            "iou": 0.7907073140718001
        },
        "infomap": {
            "ami": 0.38130541075613616,
            "rand_index": 0.7186144852010912,
            "f1_score": 0.4594086445039651,
            "iou": 0.8498261021625507
        }
    }
}