{
    "file_name": "17067.jpg",
    "processing_time": {
        "leiden": 0.8374354839324951,
        "hedonic": 0.8099439144134521,
        "louvain": 0.7498607635498047,
        "label_propagation": 0.7304351329803467,
        "infomap": 0.8774466514587402
    },
    "memory_usage": {
        "leiden": 204.50390625,
        "hedonic": 211.90234375,
        "louvain": 216.0,
        "label_propagation": 220.6015625,
        "infomap": 211.62109375
    },
    "metrics": {
        "leiden": {
            "ami": 0.5022614282347182,
            "rand_index": 0.8400353375486541,
            "f1_score": 0.49941317598236284,
            "iou": 0.9976554555993808
        },
        "hedonic": {
            "ami": 0.5022614282347182,
            "rand_index": 0.8400353375486541,
            "f1_score": 0.49941317598236284,
            "iou": 0.9976554555993808
        },
        "louvain": {
            "ami": 0.5277518788722673,
            "rand_index": 0.8270651788947513,
            "f1_score": 0.4188547296788666,
            "iou": 0.7207401506466927
        },
        "label_propagation": {
            "ami": 0.4614582532130815,
            "rand_index": 0.7825244612365091,
            "f1_score": 0.3969252762447124,
            "iou": 0.6581693123749198
        },
        "infomap": {
            "ami": 0.5143164008919802,
            "rand_index": 0.8287483551258913,
            "f1_score": 0.4671748717984112,
            "iou": 0.8767883627696712
        }
    }
}