{
    "file_name": "20069.jpg",
    "processing_time": {
        "leiden": 0.8552322387695312,
        "hedonic": 0.9125120639801025,
        "louvain": 0.8300039768218994,
        "label_propagation": 0.800342321395874,
        "infomap": 1.0288889408111572
    },
    "memory_usage": {
        "leiden": 216.11328125,
        "hedonic": 213.5,
        "louvain": 218.0390625,
        "label_propagation": 219.55859375,
        "infomap": 215.78125
    },
    "metrics": {
        "leiden": {
            "ami": 0.45612866160575133,
            "rand_index": 0.7395722992579077,
            "f1_score": 0.49819787905477214,
            "iou": 0.9928174040323573
        },
        "hedonic": {
            "ami": 0.45612866160575133,
            "rand_index": 0.7395722992579077,
            "f1_score": 0.49819787905477214,
            "iou": 0.9928174040323573
        },
        "louvain": {
            "ami": 0.5081951751294066,
            "rand_index": 0.7624442258773526,
            "f1_score": 0.4541047942299533,
            "iou": 0.8318534206384673
        },
        "label_propagation": {
            "ami": 0.4696506027227878,
            "rand_index": 0.734619003481044,
            "f1_score": 0.4877648245340482,
            "iou": 0.9522282886768868
        },
        "infomap": {
            "ami": 0.5099549542292217,
            "rand_index": 0.751726021986421,
            "f1_score": 0.4877648245340482,
            "iou": 0.9522282886768868
        }
    }
}