{
    "file_name": "20069.jpg",
    "processing_time": {
        "leiden": 0.7879610061645508,
        "hedonic": 0.856022834777832,
        "louvain": 0.7821614742279053,
        "label_propagation": 0.8246707916259766,
        "infomap": 1.0205740928649902
    },
    "memory_usage": {
        "leiden": 215.67578125,
        "hedonic": 214.1171875,
        "louvain": 218.65625,
        "label_propagation": 219.84765625,
        "infomap": 216.46875
    },
    "metrics": {
        "leiden": {
            "ami": 0.45612866160575133,
            "rand_index": 0.7395722992579077,
            "f1_score": 0.49819787905477214,
            "iou": 0.9928174040323573
        },
        "hedonic": {
            "ami": 0.45612866160575133,
            "rand_index": 0.7395722992579077,
            "f1_score": 0.49819787905477214,
            "iou": 0.9928174040323573
        },
        "louvain": {
            "ami": 0.5081951751294066,
            "rand_index": 0.7624442258773526,
            "f1_score": 0.4541047942299533,
            "iou": 0.8318534206384673
        },
        "label_propagation": {
            "ami": 0.4696506027227878,
            "rand_index": 0.734619003481044,
            "f1_score": 0.4877648245340482,
            "iou": 0.9522282886768868
        },
        "infomap": {
            "ami": 0.5099549542292217,
            "rand_index": 0.751726021986421,
            "f1_score": 0.4877648245340482,
            "iou": 0.9522282886768868
        }
    }
}