{
    "file_name": "23050.jpg",
    "processing_time": {
        "leiden": 0.7758820056915283,
        "hedonic": 0.8485317230224609,
        "louvain": 0.7893187999725342,
        "label_propagation": 0.8159921169281006,
        "infomap": 0.9367640018463135
    },
    "memory_usage": {
        "leiden": 220.859375,
        "hedonic": 220.34375,
        "louvain": 225.08984375,
        "label_propagation": 228.57421875,
        "infomap": 224.1953125
    },
    "metrics": {
        "leiden": {
            "ami": 0.7026875152999387,
            "rand_index": 0.951893720200945,
            "f1_score": 0.49903961584633855,
            "iou": 0.9961658279415289
        },
        "hedonic": {
            "ami": 0.7026875152999387,
            "rand_index": 0.951893720200945,
            "f1_score": 0.49903961584633855,
            "iou": 0.9961658279415289
        },
        "louvain": {
            "ami": 0.60453858591344,
            "rand_index": 0.8651516256555964,
            "f1_score": 0.4605287063953488,
            "iou": 0.8536667508630126
        },
        "label_propagation": {
            "ami": 0.657941771943808,
            "rand_index": 0.9126982042889263,
            "f1_score": 0.4735282584604893,
            "iou": 0.8994371798110116
        },
        "infomap": {
            "ami": 0.6764546123293906,
            "rand_index": 0.9277788248069349,
            "f1_score": 0.4836121497515067,
            "iou": 0.9365289084915254
        }
    }
}