{
    "file_name": "23050.jpg",
    "processing_time": {
        "leiden": 0.7791378498077393,
        "hedonic": 0.7935194969177246,
        "louvain": 0.776787281036377,
        "label_propagation": 0.7719738483428955,
        "infomap": 0.9064314365386963
    },
    "memory_usage": {
        "leiden": 221.01953125,
        "hedonic": 221.42578125,
        "louvain": 226.140625,
        "label_propagation": 230.5078125,
        "infomap": 224.67578125
    },
    "metrics": {
        "leiden": {
            "ami": 0.7026875152999387,
            "rand_index": 0.951893720200945,
            "f1_score": 0.49903961584633855,
            "iou": 0.9961658279415289
        },
        "hedonic": {
            "ami": 0.7026875152999387,
            "rand_index": 0.951893720200945,
            "f1_score": 0.49903961584633855,
            "iou": 0.9961658279415289
        },
        "louvain": {
            "ami": 0.60453858591344,
            "rand_index": 0.8651516256555964,
            "f1_score": 0.4605287063953488,
            "iou": 0.8536667508630126
        },
        "label_propagation": {
            "ami": 0.657941771943808,
            "rand_index": 0.9126982042889263,
            "f1_score": 0.4735282584604893,
            "iou": 0.8994371798110116
        },
        "infomap": {
            "ami": 0.6764546123293906,
            "rand_index": 0.9277788248069349,
            "f1_score": 0.4836121497515067,
            "iou": 0.9365289084915254
        }
    }
}