{
    "file_name": "28083.jpg",
    "processing_time": {
        "leiden": 0.806448221206665,
        "hedonic": 0.8523311614990234,
        "louvain": 0.795285701751709,
        "label_propagation": 0.7870297431945801,
        "infomap": 1.031540870666504
    },
    "memory_usage": {
        "leiden": 229.34765625,
        "hedonic": 228.35546875,
        "louvain": 232.55078125,
        "label_propagation": 226.13671875,
        "infomap": 229.27734375
    },
    "metrics": {
        "leiden": {
            "ami": 0.42356479860831076,
            "rand_index": 0.7285254553674969,
            "f1_score": 0.4989762177492366,
            "iou": 0.9959132389038932
        },
        "hedonic": {
            "ami": 0.42356479860831076,
            "rand_index": 0.7285254553674969,
            "f1_score": 0.4989762177492366,
            "iou": 0.9959132389038932
        },
        "louvain": {
            "ami": 0.4834911112314019,
            "rand_index": 0.7429178640484388,
            "f1_score": 0.45178859912300945,
            "iou": 0.8241138334596279
        },
        "label_propagation": {
            "ami": 0.4425659049428786,
            "rand_index": 0.6961024113813326,
            "f1_score": 0.49629400058721823,
            "iou": 0.9852850693972189
        },
        "infomap": {
            "ami": 0.48606963212202964,
            "rand_index": 0.7430351400949677,
            "f1_score": 0.4948140247094545,
            "iou": 0.9794690448896056
        }
    }
}