{
    "file_name": "28083.jpg",
    "processing_time": {
        "leiden": 0.7701442241668701,
        "hedonic": 0.8490991592407227,
        "louvain": 0.7797324657440186,
        "label_propagation": 0.7812261581420898,
        "infomap": 1.0694785118103027
    },
    "memory_usage": {
        "leiden": 230.91015625,
        "hedonic": 228.08203125,
        "louvain": 232.0390625,
        "label_propagation": 224.54296875,
        "infomap": 228.54296875
    },
    "metrics": {
        "leiden": {
            "ami": 0.42356479860831076,
            "rand_index": 0.7285254553674969,
            "f1_score": 0.4989762177492366,
            "iou": 0.9959132389038932
        },
        "hedonic": {
            "ami": 0.42356479860831076,
            "rand_index": 0.7285254553674969,
            "f1_score": 0.4989762177492366,
            "iou": 0.9959132389038932
        },
        "louvain": {
            "ami": 0.4834911112314019,
            "rand_index": 0.7429178640484388,
            "f1_score": 0.45178859912300945,
            "iou": 0.8241138334596279
        },
        "label_propagation": {
            "ami": 0.4425659049428786,
            "rand_index": 0.6961024113813326,
            "f1_score": 0.49629400058721823,
            "iou": 0.9852850693972189
        },
        "infomap": {
            "ami": 0.48606963212202964,
            "rand_index": 0.7430351400949677,
            "f1_score": 0.4948140247094545,
            "iou": 0.9794690448896056
        }
    }
}