{
    "file_name": "29030.jpg",
    "processing_time": {
        "leiden": 0.8117403984069824,
        "hedonic": 0.8615853786468506,
        "louvain": 0.8345897197723389,
        "label_propagation": 0.8069062232971191,
        "infomap": 1.0870361328125
    },
    "memory_usage": {
        "leiden": 227.64453125,
        "hedonic": 233.35546875,
        "louvain": 237.671875,
        "label_propagation": 231.60546875,
        "infomap": 235.72265625
    },
    "metrics": {
        "leiden": {
            "ami": 0.2859635833858496,
            "rand_index": 0.5589286543521206,
            "f1_score": 0.4976068148022816,
            "iou": 0.9904728596317381
        },
        "hedonic": {
            "ami": 0.2859635833858496,
            "rand_index": 0.5589286543521206,
            "f1_score": 0.4976068148022816,
            "iou": 0.9904728596317381
        },
        "louvain": {
            "ami": 0.3043667018673397,
            "rand_index": 0.5958670648090046,
            "f1_score": 0.4561755724384239,
            "iou": 0.8388287640624089
        },
        "label_propagation": {
            "ami": 0.32684753867205896,
            "rand_index": 0.5984145213964593,
            "f1_score": 0.4896964969742239,
            "iou": 0.9596181371882306
        },
        "infomap": {
            "ami": 0.3426577933707785,
            "rand_index": 0.5911696411903423,
            "f1_score": 0.48273505418851237,
            "iou": 0.9332452510022603
        }
    }
}