{
    "file_name": "29030.jpg",
    "processing_time": {
        "leiden": 0.7897002696990967,
        "hedonic": 0.8585131168365479,
        "louvain": 0.8461308479309082,
        "label_propagation": 0.800004243850708,
        "infomap": 1.0817012786865234
    },
    "memory_usage": {
        "leiden": 227.44140625,
        "hedonic": 233.17578125,
        "louvain": 237.34375,
        "label_propagation": 230.14453125,
        "infomap": 233.44921875
    },
    "metrics": {
        "leiden": {
            "ami": 0.2859635833858496,
            "rand_index": 0.5589286543521206,
            "f1_score": 0.4976068148022816,
            "iou": 0.9904728596317381
        },
        "hedonic": {
            "ami": 0.2859635833858496,
            "rand_index": 0.5589286543521206,
            "f1_score": 0.4976068148022816,
            "iou": 0.9904728596317381
        },
        "louvain": {
            "ami": 0.3043667018673397,
            "rand_index": 0.5958670648090046,
            "f1_score": 0.4561755724384239,
            "iou": 0.8388287640624089
        },
        "label_propagation": {
            "ami": 0.32684753867205896,
            "rand_index": 0.5984145213964593,
            "f1_score": 0.4896964969742239,
            "iou": 0.9596181371882306
        },
        "infomap": {
            "ami": 0.3426577933707785,
            "rand_index": 0.5911696411903423,
            "f1_score": 0.48273505418851237,
            "iou": 0.9332452510022603
        }
    }
}