{
    "file_name": "33044.jpg",
    "processing_time": {
        "leiden": 0.7342815399169922,
        "hedonic": 0.7666151523590088,
        "louvain": 0.7318873405456543,
        "label_propagation": 0.7509865760803223,
        "infomap": 0.8299973011016846
    },
    "memory_usage": {
        "leiden": 180.34375,
        "hedonic": 188.84765625,
        "louvain": 193.05078125,
        "label_propagation": 182.13671875,
        "infomap": 187.59765625
    },
    "metrics": {
        "leiden": {
            "ami": 0.39612638101989744,
            "rand_index": 0.7112579481904212,
            "f1_score": 0.4535193620658533,
            "iou": 0.8298909981152972
        },
        "hedonic": {
            "ami": 0.39612638101989744,
            "rand_index": 0.7112579481904212,
            "f1_score": 0.4535193620658533,
            "iou": 0.8298909981152972
        },
        "louvain": {
            "ami": 0.5046384614605367,
            "rand_index": 0.7662039769568461,
            "f1_score": 0.36961429953742075,
            "iou": 0.5863303994145116
        },
        "label_propagation": {
            "ami": 0.3670093421874203,
            "rand_index": 0.6968988702219538,
            "f1_score": 0.4299664405991221,
            "iou": 0.7542826795163243
        },
        "infomap": {
            "ami": 0.3805346114790382,
            "rand_index": 0.7069724380795274,
            "f1_score": 0.44110258452182727,
            "iou": 0.7892371163399201
        }
    }
}