{
    "file_name": "35028.jpg",
    "processing_time": {
        "leiden": 0.7963078022003174,
        "hedonic": 0.8621823787689209,
        "louvain": 0.8119511604309082,
        "label_propagation": 0.7836933135986328,
        "infomap": 1.056443452835083
    },
    "memory_usage": {
        "leiden": 194.02734375,
        "hedonic": 184.8984375,
        "louvain": 190.12890625,
        "label_propagation": 183.84375,
        "infomap": 187.80859375
    },
    "metrics": {
        "leiden": {
            "ami": 0.4222986177714932,
            "rand_index": 0.7665905247633735,
            "f1_score": 0.4979759849393771,
            "iou": 0.9919365807216275
        },
        "hedonic": {
            "ami": 0.4222986177714932,
            "rand_index": 0.7665905247633735,
            "f1_score": 0.4979759849393771,
            "iou": 0.9919365807216275
        },
        "louvain": {
            "ami": 0.4847505943469478,
            "rand_index": 0.7799708755812577,
            "f1_score": 0.4655000519264721,
            "iou": 0.8709075718421513
        },
        "label_propagation": {
            "ami": 0.42713083955726067,
            "rand_index": 0.7271714208239074,
            "f1_score": 0.4933203382655522,
            "iou": 0.9736335904560204
        },
        "infomap": {
            "ami": 0.5176157512177495,
            "rand_index": 0.7871537145068693,
            "f1_score": 0.48541404903865704,
            "iou": 0.943309952655747
        }
    }
}