{
    "file_name": "35028.jpg",
    "processing_time": {
        "leiden": 0.8330817222595215,
        "hedonic": 0.8754281997680664,
        "louvain": 0.8512554168701172,
        "label_propagation": 0.8500490188598633,
        "infomap": 1.1580772399902344
    },
    "memory_usage": {
        "leiden": 193.25,
        "hedonic": 184.72265625,
        "louvain": 190.109375,
        "label_propagation": 184.5078125,
        "infomap": 188.61328125
    },
    "metrics": {
        "leiden": {
            "ami": 0.4222986177714932,
            "rand_index": 0.7665905247633735,
            "f1_score": 0.4979759849393771,
            "iou": 0.9919365807216275
        },
        "hedonic": {
            "ami": 0.4222986177714932,
            "rand_index": 0.7665905247633735,
            "f1_score": 0.4979759849393771,
            "iou": 0.9919365807216275
        },
        "louvain": {
            "ami": 0.4847505943469478,
            "rand_index": 0.7799708755812577,
            "f1_score": 0.4655000519264721,
            "iou": 0.8709075718421513
        },
        "label_propagation": {
            "ami": 0.42713083955726067,
            "rand_index": 0.7271714208239074,
            "f1_score": 0.4933203382655522,
            "iou": 0.9736335904560204
        },
        "infomap": {
            "ami": 0.5176157512177495,
            "rand_index": 0.7871537145068693,
            "f1_score": 0.48541404903865704,
            "iou": 0.943309952655747
        }
    }
}