{
    "file_name": "35049.jpg",
    "processing_time": {
        "leiden": 0.8585572242736816,
        "hedonic": 0.8761768341064453,
        "louvain": 0.8059511184692383,
        "label_propagation": 0.8179595470428467,
        "infomap": 1.0900168418884277
    },
    "memory_usage": {
        "leiden": 182.13671875,
        "hedonic": 190.18359375,
        "louvain": 193.921875,
        "label_propagation": 188.84765625,
        "infomap": 192.18359375
    },
    "metrics": {
        "leiden": {
            "ami": 0.36712489386958863,
            "rand_index": 0.7271583639304331,
            "f1_score": 0.4983087525709885,
            "iou": 0.9932578156877222
        },
        "hedonic": {
            "ami": 0.36712489386958863,
            "rand_index": 0.7271583639304331,
            "f1_score": 0.4983087525709885,
            "iou": 0.9932578156877222
        },
        "louvain": {
            "ami": 0.41210682072410476,
            "rand_index": 0.7295765008535576,
            "f1_score": 0.4770180739215261,
            "iou": 0.9121119681867346
        },
        "label_propagation": {
            "ami": 0.4278379672276672,
            "rand_index": 0.7405125497858295,
            "f1_score": 0.4926977201115795,
            "iou": 0.9712113263515133
        },
        "infomap": {
            "ami": 0.4222366519512583,
            "rand_index": 0.7439477945070895,
            "f1_score": 0.4926977201115795,
            "iou": 0.9712113263515133
        }
    }
}