{
    "file_name": "35049.jpg",
    "processing_time": {
        "leiden": 0.8113436698913574,
        "hedonic": 0.8629295825958252,
        "louvain": 0.8009445667266846,
        "label_propagation": 0.8346242904663086,
        "infomap": 1.0177960395812988
    },
    "memory_usage": {
        "leiden": 181.546875,
        "hedonic": 189.46484375,
        "louvain": 195.50390625,
        "label_propagation": 188.140625,
        "infomap": 191.68359375
    },
    "metrics": {
        "leiden": {
            "ami": 0.36712489386958863,
            "rand_index": 0.7271583639304331,
            "f1_score": 0.4983087525709885,
            "iou": 0.9932578156877222
        },
        "hedonic": {
            "ami": 0.36712489386958863,
            "rand_index": 0.7271583639304331,
            "f1_score": 0.4983087525709885,
            "iou": 0.9932578156877222
        },
        "louvain": {
            "ami": 0.41210682072410476,
            "rand_index": 0.7295765008535576,
            "f1_score": 0.4770180739215261,
            "iou": 0.9121119681867346
        },
        "label_propagation": {
            "ami": 0.4278379672276672,
            "rand_index": 0.7405125497858295,
            "f1_score": 0.4926977201115795,
            "iou": 0.9712113263515133
        },
        "infomap": {
            "ami": 0.4222366519512583,
            "rand_index": 0.7439477945070895,
            "f1_score": 0.4926977201115795,
            "iou": 0.9712113263515133
        }
    }
}