{
    "file_name": "36046.jpg",
    "processing_time": {
        "leiden": 0.8454468250274658,
        "hedonic": 0.8939831256866455,
        "louvain": 0.8569505214691162,
        "label_propagation": 0.8177573680877686,
        "infomap": 1.0053658485412598
    },
    "memory_usage": {
        "leiden": 189.7421875,
        "hedonic": 194.51171875,
        "louvain": 191.41796875,
        "label_propagation": 191.828125,
        "infomap": 196.47265625
    },
    "metrics": {
        "leiden": {
            "ami": 0.4013351254698066,
            "rand_index": 0.6925267367862158,
            "f1_score": 0.4991777356103732,
            "iou": 0.996716342510735
        },
        "hedonic": {
            "ami": 0.4013351254698066,
            "rand_index": 0.6925267367862158,
            "f1_score": 0.4991777356103732,
            "iou": 0.996716342510735
        },
        "louvain": {
            "ami": 0.5200064636333486,
            "rand_index": 0.7437458521386661,
            "f1_score": 0.4788626859324214,
            "iou": 0.918880059066975
        },
        "label_propagation": {
            "ami": 0.5709722661171601,
            "rand_index": 0.7692105881149995,
            "f1_score": 0.4749158306410474,
            "iou": 0.9044565773537736
        },
        "infomap": {
            "ami": 0.47155382631171044,
            "rand_index": 0.7141887755901605,
            "f1_score": 0.4843140987745859,
            "iou": 0.9391649017817242
        }
    }
}