{
    "file_name": "36046.jpg",
    "processing_time": {
        "leiden": 0.807819128036499,
        "hedonic": 0.8210537433624268,
        "louvain": 0.8130941390991211,
        "label_propagation": 0.7905788421630859,
        "infomap": 0.9834458827972412
    },
    "memory_usage": {
        "leiden": 188.5625,
        "hedonic": 194.42578125,
        "louvain": 191.5703125,
        "label_propagation": 192.30859375,
        "infomap": 195.15234375
    },
    "metrics": {
        "leiden": {
            "ami": 0.4013351254698066,
            "rand_index": 0.6925267367862158,
            "f1_score": 0.4991777356103732,
            "iou": 0.996716342510735
        },
        "hedonic": {
            "ami": 0.4013351254698066,
            "rand_index": 0.6925267367862158,
            "f1_score": 0.4991777356103732,
            "iou": 0.996716342510735
        },
        "louvain": {
            "ami": 0.5200064636333486,
            "rand_index": 0.7437458521386661,
            "f1_score": 0.4788626859324214,
            "iou": 0.918880059066975
        },
        "label_propagation": {
            "ami": 0.5709722661171601,
            "rand_index": 0.7692105881149995,
            "f1_score": 0.4749158306410474,
            "iou": 0.9044565773537736
        },
        "infomap": {
            "ami": 0.47155382631171044,
            "rand_index": 0.7141887755901605,
            "f1_score": 0.4843140987745859,
            "iou": 0.9391649017817242
        }
    }
}