{
    "file_name": "41006.jpg",
    "processing_time": {
        "leiden": 0.9566035270690918,
        "hedonic": 1.0712709426879883,
        "louvain": 0.9354550838470459,
        "label_propagation": 0.831061840057373,
        "infomap": 1.1017765998840332
    },
    "memory_usage": {
        "leiden": 192.32421875,
        "hedonic": 197.921875,
        "louvain": 198.63671875,
        "label_propagation": 199.65625,
        "infomap": 195.9765625
    },
    "metrics": {
        "leiden": {
            "ami": 0.2807992885971123,
            "rand_index": 0.5961511803277335,
            "f1_score": 0.4989111773888379,
            "iou": 0.9956541732242666
        },
        "hedonic": {
            "ami": 0.2807992885971123,
            "rand_index": 0.5961511803277335,
            "f1_score": 0.4989111773888379,
            "iou": 0.9956541732242666
        },
        "louvain": {
            "ami": 0.4682692654131004,
            "rand_index": 0.6988125619706415,
            "f1_score": 0.45189757934831615,
            "iou": 0.8244765254111048
        },
        "label_propagation": {
            "ami": 0.370560452097426,
            "rand_index": 0.6306961434583583,
            "f1_score": 0.48669027078242655,
            "iou": 0.94814152758078
        },
        "infomap": {
            "ami": 0.41526870384996767,
            "rand_index": 0.6493580800454559,
            "f1_score": 0.4729549830008602,
            "iou": 0.8973711310159909
        }
    }
}