{
    "file_name": "41029.jpg",
    "processing_time": {
        "leiden": 0.8239479064941406,
        "hedonic": 0.9409401416778564,
        "louvain": 0.8232030868530273,
        "label_propagation": 0.8169572353363037,
        "infomap": 1.0831239223480225
    },
    "memory_usage": {
        "leiden": 200.3515625,
        "hedonic": 199.3828125,
        "louvain": 203.5625,
        "label_propagation": 197.46875,
        "infomap": 201.2890625
    },
    "metrics": {
        "leiden": {
            "ami": 0.3515208146169933,
            "rand_index": 0.6859988541545124,
            "f1_score": 0.4953374582038183,
            "iou": 0.9815221404006451
        },
        "hedonic": {
            "ami": 0.3515208146169933,
            "rand_index": 0.6859988541545124,
            "f1_score": 0.4953374582038183,
            "iou": 0.9815221404006451
        },
        "louvain": {
            "ami": 0.35716998115499876,
            "rand_index": 0.6953370575367089,
            "f1_score": 0.46476817748505067,
            "iou": 0.8683492982558403
        },
        "label_propagation": {
            "ami": 0.3864258878178749,
            "rand_index": 0.7048613053124941,
            "f1_score": 0.4639058924832732,
            "iou": 0.8653441363721738
        },
        "infomap": {
            "ami": 0.3845227231529655,
            "rand_index": 0.698606745530018,
            "f1_score": 0.48782939256428626,
            "iou": 0.9524744010725319
        }
    }
}