{
    "file_name": "41029.jpg",
    "processing_time": {
        "leiden": 0.8033907413482666,
        "hedonic": 0.8793246746063232,
        "louvain": 0.7881791591644287,
        "label_propagation": 0.7839670181274414,
        "infomap": 1.0712697505950928
    },
    "memory_usage": {
        "leiden": 199.9453125,
        "hedonic": 199.26171875,
        "louvain": 204.90234375,
        "label_propagation": 197.77734375,
        "infomap": 201.53515625
    },
    "metrics": {
        "leiden": {
            "ami": 0.3515208146169933,
            "rand_index": 0.6859988541545124,
            "f1_score": 0.4953374582038183,
            "iou": 0.9815221404006451
        },
        "hedonic": {
            "ami": 0.3515208146169933,
            "rand_index": 0.6859988541545124,
            "f1_score": 0.4953374582038183,
            "iou": 0.9815221404006451
        },
        "louvain": {
            "ami": 0.35716998115499876,
            "rand_index": 0.6953370575367089,
            "f1_score": 0.46476817748505067,
            "iou": 0.8683492982558403
        },
        "label_propagation": {
            "ami": 0.3864258878178749,
            "rand_index": 0.7048613053124941,
            "f1_score": 0.4639058924832732,
            "iou": 0.8653441363721738
        },
        "infomap": {
            "ami": 0.3845227231529655,
            "rand_index": 0.698606745530018,
            "f1_score": 0.48782939256428626,
            "iou": 0.9524744010725319
        }
    }
}