{
    "file_name": "41085.jpg",
    "processing_time": {
        "leiden": 0.7799594402313232,
        "hedonic": 0.8083443641662598,
        "louvain": 0.7968413829803467,
        "label_propagation": 0.7993752956390381,
        "infomap": 0.8790857791900635
    },
    "memory_usage": {
        "leiden": 205.5234375,
        "hedonic": 200.6640625,
        "louvain": 204.41796875,
        "label_propagation": 209.1015625,
        "infomap": 199.42578125
    },
    "metrics": {
        "leiden": {
            "ami": 0.5272187958946196,
            "rand_index": 0.84602196259501,
            "f1_score": 0.498281038785484,
            "iou": 0.993147712773881
        },
        "hedonic": {
            "ami": 0.5272187958946196,
            "rand_index": 0.84602196259501,
            "f1_score": 0.498281038785484,
            "iou": 0.993147712773881
        },
        "louvain": {
            "ami": 0.48320126488492277,
            "rand_index": 0.8021386893686056,
            "f1_score": 0.4564876091241904,
            "iou": 0.8398844567068866
        },
        "label_propagation": {
            "ami": 0.5297358078473021,
            "rand_index": 0.8382689060981879,
            "f1_score": 0.4682447022843977,
            "iou": 0.8805642450502263
        },
        "infomap": {
            "ami": 0.5254270460857966,
            "rand_index": 0.8324288085331134,
            "f1_score": 0.4574234810415715,
            "iou": 0.8430580112823104
        }
    }
}