{
    "file_name": "41085.jpg",
    "processing_time": {
        "leiden": 0.7528178691864014,
        "hedonic": 0.779416561126709,
        "louvain": 0.7430965900421143,
        "label_propagation": 0.7399628162384033,
        "infomap": 0.8135640621185303
    },
    "memory_usage": {
        "leiden": 206.17578125,
        "hedonic": 201.15234375,
        "louvain": 205.26953125,
        "label_propagation": 208.73828125,
        "infomap": 199.46875
    },
    "metrics": {
        "leiden": {
            "ami": 0.5272187958946196,
            "rand_index": 0.84602196259501,
            "f1_score": 0.498281038785484,
            "iou": 0.993147712773881
        },
        "hedonic": {
            "ami": 0.5272187958946196,
            "rand_index": 0.84602196259501,
            "f1_score": 0.498281038785484,
            "iou": 0.993147712773881
        },
        "louvain": {
            "ami": 0.48320126488492277,
            "rand_index": 0.8021386893686056,
            "f1_score": 0.4564876091241904,
            "iou": 0.8398844567068866
        },
        "label_propagation": {
            "ami": 0.5297358078473021,
            "rand_index": 0.8382689060981879,
            "f1_score": 0.4682447022843977,
            "iou": 0.8805642450502263
        },
        "infomap": {
            "ami": 0.5254270460857966,
            "rand_index": 0.8324288085331134,
            "f1_score": 0.4574234810415715,
            "iou": 0.8430580112823104
        }
    }
}