{
    "file_name": "41096.jpg",
    "processing_time": {
        "leiden": 0.7721366882324219,
        "hedonic": 0.8055624961853027,
        "louvain": 0.7674236297607422,
        "label_propagation": 0.7738535404205322,
        "infomap": 0.9266612529754639
    },
    "memory_usage": {
        "leiden": 204.09375,
        "hedonic": 209.76171875,
        "louvain": 201.203125,
        "label_propagation": 204.18359375,
        "infomap": 208.75390625
    },
    "metrics": {
        "leiden": {
            "ami": 0.3216197131588516,
            "rand_index": 0.6659769386074408,
            "f1_score": 0.499213471848779,
            "iou": 0.9968588286345296
        },
        "hedonic": {
            "ami": 0.3216197131588516,
            "rand_index": 0.6659769386074408,
            "f1_score": 0.499213471848779,
            "iou": 0.9968588286345296
        },
        "louvain": {
            "ami": 0.3012593940228777,
            "rand_index": 0.6654378157971205,
            "f1_score": 0.4806821048383028,
            "iou": 0.9256028134532808
        },
        "label_propagation": {
            "ami": 0.35195244800869624,
            "rand_index": 0.6858787396273475,
            "f1_score": 0.4852682321878625,
            "iou": 0.9427594380865408
        },
        "infomap": {
            "ami": 0.3582627186201958,
            "rand_index": 0.6893035134977413,
            "f1_score": 0.4823396487040135,
            "iou": 0.9317685766283897
        }
    }
}