{
    "file_name": "41096.jpg",
    "processing_time": {
        "leiden": 0.8585996627807617,
        "hedonic": 0.9297385215759277,
        "louvain": 0.8330693244934082,
        "label_propagation": 0.8195614814758301,
        "infomap": 0.980154275894165
    },
    "memory_usage": {
        "leiden": 204.9375,
        "hedonic": 209.3671875,
        "louvain": 203.01171875,
        "label_propagation": 203.56640625,
        "infomap": 208.296875
    },
    "metrics": {
        "leiden": {
            "ami": 0.3216197131588516,
            "rand_index": 0.6659769386074408,
            "f1_score": 0.499213471848779,
            "iou": 0.9968588286345296
        },
        "hedonic": {
            "ami": 0.3216197131588516,
            "rand_index": 0.6659769386074408,
            "f1_score": 0.499213471848779,
            "iou": 0.9968588286345296
        },
        "louvain": {
            "ami": 0.3012593940228777,
            "rand_index": 0.6654378157971205,
            "f1_score": 0.4806821048383028,
            "iou": 0.9256028134532808
        },
        "label_propagation": {
            "ami": 0.35195244800869624,
            "rand_index": 0.6858787396273475,
            "f1_score": 0.4852682321878625,
            "iou": 0.9427594380865408
        },
        "infomap": {
            "ami": 0.3582627186201958,
            "rand_index": 0.6893035134977413,
            "f1_score": 0.4823396487040135,
            "iou": 0.9317685766283897
        }
    }
}