{
    "file_name": "43033.jpg",
    "processing_time": {
        "leiden": 0.7795536518096924,
        "hedonic": 0.7999603748321533,
        "louvain": 0.7873842716217041,
        "label_propagation": 0.7881190776824951,
        "infomap": 0.9143595695495605
    },
    "memory_usage": {
        "leiden": 201.55078125,
        "hedonic": 205.3359375,
        "louvain": 210.03515625,
        "label_propagation": 213.7578125,
        "infomap": 203.85546875
    },
    "metrics": {
        "leiden": {
            "ami": 0.4226514219932164,
            "rand_index": 0.7694645983225229,
            "f1_score": 0.49514769450093843,
            "iou": 0.9807773265717191
        },
        "hedonic": {
            "ami": 0.4226514219932164,
            "rand_index": 0.7694645983225229,
            "f1_score": 0.49514769450093843,
            "iou": 0.9807773265717191
        },
        "louvain": {
            "ami": 0.42031639359355627,
            "rand_index": 0.7625530906787262,
            "f1_score": 0.464923984349821,
            "iou": 0.8688933361830559
        },
        "label_propagation": {
            "ami": 0.5108343745115262,
            "rand_index": 0.8121045432032793,
            "f1_score": 0.442631886736602,
            "iou": 0.7941464109688409
        },
        "infomap": {
            "ami": 0.44947889838585114,
            "rand_index": 0.7797008210871946,
            "f1_score": 0.464923984349821,
            "iou": 0.8688933361830559
        }
    }
}