{
    "file_name": "43033.jpg",
    "processing_time": {
        "leiden": 0.7449996471405029,
        "hedonic": 0.7893931865692139,
        "louvain": 0.7649075984954834,
        "label_propagation": 0.764317512512207,
        "infomap": 0.8315451145172119
    },
    "memory_usage": {
        "leiden": 202.796875,
        "hedonic": 204.71875,
        "louvain": 208.859375,
        "label_propagation": 212.98828125,
        "infomap": 205.2734375
    },
    "metrics": {
        "leiden": {
            "ami": 0.4226514219932164,
            "rand_index": 0.7694645983225229,
            "f1_score": 0.49514769450093843,
            "iou": 0.9807773265717191
        },
        "hedonic": {
            "ami": 0.4226514219932164,
            "rand_index": 0.7694645983225229,
            "f1_score": 0.49514769450093843,
            "iou": 0.9807773265717191
        },
        "louvain": {
            "ami": 0.42031639359355627,
            "rand_index": 0.7625530906787262,
            "f1_score": 0.464923984349821,
            "iou": 0.8688933361830559
        },
        "label_propagation": {
            "ami": 0.5108343745115262,
            "rand_index": 0.8121045432032793,
            "f1_score": 0.442631886736602,
            "iou": 0.7941464109688409
        },
        "infomap": {
            "ami": 0.44947889838585114,
            "rand_index": 0.7797008210871946,
            "f1_score": 0.464923984349821,
            "iou": 0.8688933361830559
        }
    }
}