{
    "file_name": "43051.jpg",
    "processing_time": {
        "leiden": 0.7988548278808594,
        "hedonic": 0.8970158100128174,
        "louvain": 0.7973551750183105,
        "label_propagation": 0.8231868743896484,
        "infomap": 1.1326665878295898
    },
    "memory_usage": {
        "leiden": 208.57421875,
        "hedonic": 206.83203125,
        "louvain": 211.98046875,
        "label_propagation": 210.94921875,
        "infomap": 206.921875
    },
    "metrics": {
        "leiden": {
            "ami": 0.1342062436367188,
            "rand_index": 0.2669572771163493,
            "f1_score": 0.4971552327758871,
            "iou": 0.9886853064423158
        },
        "hedonic": {
            "ami": 0.1342062436367188,
            "rand_index": 0.2669572771163493,
            "f1_score": 0.4971552327758871,
            "iou": 0.9886853064423158
        },
        "louvain": {
            "ami": 0.1745456233056331,
            "rand_index": 0.3365009282236051,
            "f1_score": 0.4795425127416876,
            "iou": 0.9213865195173606
        },
        "label_propagation": {
            "ami": 0.1841870630855873,
            "rand_index": 0.33179663860938374,
            "f1_score": 0.4802083193062307,
            "iou": 0.9238476434738117
        },
        "infomap": {
            "ami": 0.16379398680394608,
            "rand_index": 0.3108368808888154,
            "f1_score": 0.4825599710449942,
            "iou": 0.9325911101612037
        }
    }
}