{
    "file_name": "45000.jpg",
    "processing_time": {
        "leiden": 0.7373137474060059,
        "hedonic": 0.7473738193511963,
        "louvain": 0.7143592834472656,
        "label_propagation": 0.7337450981140137,
        "infomap": 0.778207540512085
    },
    "memory_usage": {
        "leiden": 212.69921875,
        "hedonic": 213.90625,
        "louvain": 217.60546875,
        "label_propagation": 221.890625,
        "infomap": 226.16015625
    },
    "metrics": {
        "leiden": {
            "ami": 0.6114590899544136,
            "rand_index": 0.9121411504086677,
            "f1_score": 0.49322055594395264,
            "iou": 0.9732449919365808
        },
        "hedonic": {
            "ami": 0.6114590899544136,
            "rand_index": 0.9121411504086677,
            "f1_score": 0.49322055594395264,
            "iou": 0.9732449919365808
        },
        "louvain": {
            "ami": 0.4843705494368846,
            "rand_index": 0.74694016183484,
            "f1_score": 0.4731599959054151,
            "iou": 0.8981094682029261
        },
        "label_propagation": {
            "ami": 0.5448185995546287,
            "rand_index": 0.7996461621718268,
            "f1_score": 0.4591530054644809,
            "iou": 0.8489517554938115
        },
        "infomap": {
            "ami": 0.5644880374275648,
            "rand_index": 0.8523207777252375,
            "f1_score": 0.4731599959054151,
            "iou": 0.8981094682029261
        }
    }
}