{
    "file_name": "45000.jpg",
    "processing_time": {
        "leiden": 0.7521567344665527,
        "hedonic": 0.8000619411468506,
        "louvain": 0.7605698108673096,
        "label_propagation": 0.7514770030975342,
        "infomap": 0.8037657737731934
    },
    "memory_usage": {
        "leiden": 213.234375,
        "hedonic": 214.0390625,
        "louvain": 217.74609375,
        "label_propagation": 221.2734375,
        "infomap": 225.9765625
    },
    "metrics": {
        "leiden": {
            "ami": 0.6114590899544136,
            "rand_index": 0.9121411504086677,
            "f1_score": 0.49322055594395264,
            "iou": 0.9732449919365808
        },
        "hedonic": {
            "ami": 0.6114590899544136,
            "rand_index": 0.9121411504086677,
            "f1_score": 0.49322055594395264,
            "iou": 0.9732449919365808
        },
        "louvain": {
            "ami": 0.4843705494368846,
            "rand_index": 0.74694016183484,
            "f1_score": 0.4731599959054151,
            "iou": 0.8981094682029261
        },
        "label_propagation": {
            "ami": 0.5448185995546287,
            "rand_index": 0.7996461621718268,
            "f1_score": 0.4591530054644809,
            "iou": 0.8489517554938115
        },
        "infomap": {
            "ami": 0.5644880374275648,
            "rand_index": 0.8523207777252375,
            "f1_score": 0.4731599959054151,
            "iou": 0.8981094682029261
        }
    }
}