{
    "file_name": "48017.jpg",
    "processing_time": {
        "leiden": 0.810401201248169,
        "hedonic": 0.8021485805511475,
        "louvain": 0.7974367141723633,
        "label_propagation": 0.803823709487915,
        "infomap": 0.8911259174346924
    },
    "memory_usage": {
        "leiden": 219.09765625,
        "hedonic": 223.32421875,
        "louvain": 226.98046875,
        "label_propagation": 217.65234375,
        "infomap": 221.54296875
    },
    "metrics": {
        "leiden": {
            "ami": 0.3793039423113498,
            "rand_index": 0.6534804348195952,
            "f1_score": 0.4833771656862942,
            "iou": 0.9356480851807955
        },
        "hedonic": {
            "ami": 0.3793039423113498,
            "rand_index": 0.6534804348195952,
            "f1_score": 0.4833771656862942,
            "iou": 0.9356480851807955
        },
        "louvain": {
            "ami": 0.523743014201724,
            "rand_index": 0.7189293169495097,
            "f1_score": 0.4248790354121736,
            "iou": 0.7387646453067014
        },
        "label_propagation": {
            "ami": 0.4425272692714572,
            "rand_index": 0.6565832908072994,
            "f1_score": 0.3997084094708604,
            "iou": 0.665857086417834
        },
        "infomap": {
            "ami": 0.5008971392474606,
            "rand_index": 0.7089650820236506,
            "f1_score": 0.4574234810415715,
            "iou": 0.8430580112823104
        }
    }
}