{
    "file_name": "48017.jpg",
    "processing_time": {
        "leiden": 0.7563633918762207,
        "hedonic": 0.7846481800079346,
        "louvain": 0.7429161071777344,
        "label_propagation": 0.7525599002838135,
        "infomap": 0.8620522022247314
    },
    "memory_usage": {
        "leiden": 219.59375,
        "hedonic": 222.19140625,
        "louvain": 225.875,
        "label_propagation": 216.50390625,
        "infomap": 220.52734375
    },
    "metrics": {
        "leiden": {
            "ami": 0.3793039423113498,
            "rand_index": 0.6534804348195952,
            "f1_score": 0.4833771656862942,
            "iou": 0.9356480851807955
        },
        "hedonic": {
            "ami": 0.3793039423113498,
            "rand_index": 0.6534804348195952,
            "f1_score": 0.4833771656862942,
            "iou": 0.9356480851807955
        },
        "louvain": {
            "ami": 0.523743014201724,
            "rand_index": 0.7189293169495097,
            "f1_score": 0.4248790354121736,
            "iou": 0.7387646453067014
        },
        "label_propagation": {
            "ami": 0.4425272692714572,
            "rand_index": 0.6565832908072994,
            "f1_score": 0.3997084094708604,
            "iou": 0.665857086417834
        },
        "infomap": {
            "ami": 0.5008971392474606,
            "rand_index": 0.7089650820236506,
            "f1_score": 0.4574234810415715,
            "iou": 0.8430580112823104
        }
    }
}