{
    "file_name": "48025.jpg",
    "processing_time": {
        "leiden": 0.8104591369628906,
        "hedonic": 0.841454029083252,
        "louvain": 0.7944116592407227,
        "label_propagation": 0.814704418182373,
        "infomap": 1.0715820789337158
    },
    "memory_usage": {
        "leiden": 226.16015625,
        "hedonic": 219.05859375,
        "louvain": 222.515625,
        "label_propagation": 225.2109375,
        "infomap": 221.90234375
    },
    "metrics": {
        "leiden": {
            "ami": 0.351293046316769,
            "rand_index": 0.6313859452606971,
            "f1_score": 0.49566220038805014,
            "iou": 0.9827980388728053
        },
        "hedonic": {
            "ami": 0.351293046316769,
            "rand_index": 0.6313859452606971,
            "f1_score": 0.49566220038805014,
            "iou": 0.9827980388728053
        },
        "louvain": {
            "ami": 0.4123317617097549,
            "rand_index": 0.6578781452863822,
            "f1_score": 0.4836933077856806,
            "iou": 0.9368333106650863
        },
        "label_propagation": {
            "ami": 0.42133045301791294,
            "rand_index": 0.6587022238171093,
            "f1_score": 0.4553045723780529,
            "iou": 0.835888368598649
        },
        "infomap": {
            "ami": 0.40924713814603575,
            "rand_index": 0.6518902592244077,
            "f1_score": 0.47292259795588143,
            "iou": 0.897254551460159
        }
    }
}