{
    "file_name": "49024.jpg",
    "processing_time": {
        "leiden": 0.8406167030334473,
        "hedonic": 0.8802957534790039,
        "louvain": 0.7983560562133789,
        "label_propagation": 0.8118722438812256,
        "infomap": 1.0666394233703613
    },
    "memory_usage": {
        "leiden": 225.44140625,
        "hedonic": 223.7890625,
        "louvain": 227.98828125,
        "label_propagation": 222.32421875,
        "infomap": 225.87890625
    },
    "metrics": {
        "leiden": {
            "ami": 0.42910193571533195,
            "rand_index": 0.7790276025924421,
            "f1_score": 0.4990314887818173,
            "iou": 0.9961334447315756
        },
        "hedonic": {
            "ami": 0.42910193571533195,
            "rand_index": 0.7790276025924421,
            "f1_score": 0.4990314887818173,
            "iou": 0.9961334447315756
        },
        "louvain": {
            "ami": 0.6464961280140409,
            "rand_index": 0.8491293957732629,
            "f1_score": 0.45844162676908506,
            "iou": 0.8465230147473138
        },
        "label_propagation": {
            "ami": 0.5851399382711439,
            "rand_index": 0.8245311439733017,
            "f1_score": 0.49039715099527037,
            "iou": 0.9623124202563454
        },
        "infomap": {
            "ami": 0.5704170736636411,
            "rand_index": 0.8139619466409936,
            "f1_score": 0.4825322242256467,
            "iou": 0.9324874838893531
        }
    }
}