{
    "file_name": "5096.jpg",
    "processing_time": {
        "leiden": 0.8093011379241943,
        "hedonic": 0.850344181060791,
        "louvain": 0.8020546436309814,
        "label_propagation": 0.7933273315429688,
        "infomap": 1.0014073848724365
    },
    "memory_usage": {
        "leiden": 231.8046875,
        "hedonic": 228.15625,
        "louvain": 231.84375,
        "label_propagation": 226.25390625,
        "infomap": 230.671875
    },
    "metrics": {
        "leiden": {
            "ami": 0.5673202870684642,
            "rand_index": 0.8831291656679047,
            "f1_score": 0.496948805749864,
            "iou": 0.9878692495514926
        },
        "hedonic": {
            "ami": 0.5673202870684642,
            "rand_index": 0.8831291656679047,
            "f1_score": 0.496948805749864,
            "iou": 0.9878692495514926
        },
        "louvain": {
            "ami": 0.5620099075025384,
            "rand_index": 0.8149048650923862,
            "f1_score": 0.4784613357923857,
            "iou": 0.9174033846931043
        },
        "label_propagation": {
            "ami": 0.5511086350242823,
            "rand_index": 0.8020540842895693,
            "f1_score": 0.4706511565717342,
            "iou": 0.8891134124778984
        },
        "infomap": {
            "ami": 0.5888600020337053,
            "rand_index": 0.8549145695685815,
            "f1_score": 0.4773986535656141,
            "iou": 0.9135044462147266
        }
    }
}