{
    "file_name": "5096.jpg",
    "processing_time": {
        "leiden": 0.77482008934021,
        "hedonic": 0.8070640563964844,
        "louvain": 0.7792439460754395,
        "label_propagation": 0.7589576244354248,
        "infomap": 0.9478194713592529
    },
    "memory_usage": {
        "leiden": 230.9609375,
        "hedonic": 227.359375,
        "louvain": 231.08984375,
        "label_propagation": 225.3203125,
        "infomap": 229.5078125
    },
    "metrics": {
        "leiden": {
            "ami": 0.5673202870684642,
            "rand_index": 0.8831291656679047,
            "f1_score": 0.496948805749864,
            "iou": 0.9878692495514926
        },
        "hedonic": {
            "ami": 0.5673202870684642,
            "rand_index": 0.8831291656679047,
            "f1_score": 0.496948805749864,
            "iou": 0.9878692495514926
        },
        "louvain": {
            "ami": 0.5620099075025384,
            "rand_index": 0.8149048650923862,
            "f1_score": 0.4784613357923857,
            "iou": 0.9174033846931043
        },
        "label_propagation": {
            "ami": 0.5511086350242823,
            "rand_index": 0.8020540842895693,
            "f1_score": 0.4706511565717342,
            "iou": 0.8891134124778984
        },
        "infomap": {
            "ami": 0.5888600020337053,
            "rand_index": 0.8549145695685815,
            "f1_score": 0.4773986535656141,
            "iou": 0.9135044462147266
        }
    }
}