{
    "file_name": "51084.jpg",
    "processing_time": {
        "leiden": 0.8249924182891846,
        "hedonic": 0.8446686267852783,
        "louvain": 0.8030505180358887,
        "label_propagation": 0.8022277355194092,
        "infomap": 0.9545855522155762
    },
    "memory_usage": {
        "leiden": 235.859375,
        "hedonic": 228.70703125,
        "louvain": 232.37890625,
        "label_propagation": 237.078125,
        "infomap": 228.35546875
    },
    "metrics": {
        "leiden": {
            "ami": 0.4345263823087312,
            "rand_index": 0.6857316509769176,
            "f1_score": 0.49831364292119934,
            "iou": 0.9932772456136942
        },
        "hedonic": {
            "ami": 0.4345263823087312,
            "rand_index": 0.6857316509769176,
            "f1_score": 0.49831364292119934,
            "iou": 0.9932772456136942
        },
        "louvain": {
            "ami": 0.402162208286431,
            "rand_index": 0.6880921488904154,
            "f1_score": 0.45124694793632514,
            "iou": 0.8223133269862242
        },
        "label_propagation": {
            "ami": 0.3816255767761575,
            "rand_index": 0.6729052379523301,
            "f1_score": 0.46946706525100507,
            "iou": 0.8848971185419784
        },
        "infomap": {
            "ami": 0.43499406966004356,
            "rand_index": 0.6942736178384573,
            "f1_score": 0.48683528316936986,
            "iou": 0.948692042149986
        }
    }
}