{
    "file_name": "6046.jpg",
    "processing_time": {
        "leiden": 0.779428243637085,
        "hedonic": 0.7785904407501221,
        "louvain": 0.7373719215393066,
        "label_propagation": 0.7536568641662598,
        "infomap": 0.8650381565093994
    },
    "memory_usage": {
        "leiden": 230.2109375,
        "hedonic": 235.046875,
        "louvain": 232.15234375,
        "label_propagation": 235.6875,
        "infomap": 239.28125
    },
    "metrics": {
        "leiden": {
            "ami": 0.5392083463022224,
            "rand_index": 0.848002439764461,
            "f1_score": 0.4828130233804515,
            "iou": 0.9335366998918401
        },
        "hedonic": {
            "ami": 0.5392083463022224,
            "rand_index": 0.848002439764461,
            "f1_score": 0.4828130233804515,
            "iou": 0.9335366998918401
        },
        "louvain": {
            "ami": 0.5326636134769346,
            "rand_index": 0.8225236885697638,
            "f1_score": 0.44171288897245464,
            "iou": 0.7911930622210996
        },
        "label_propagation": {
            "ami": 0.5023079256811119,
            "rand_index": 0.783466719271765,
            "f1_score": 0.42477618946497825,
            "iou": 0.7384537664911497
        },
        "infomap": {
            "ami": 0.5773472449665463,
            "rand_index": 0.8415934534304105,
            "f1_score": 0.46402127238581886,
            "iou": 0.8657456881755947
        }
    }
}