{
    "file_name": "61034.jpg",
    "processing_time": {
        "leiden": 0.9379317760467529,
        "hedonic": 0.9525151252746582,
        "louvain": 0.8695881366729736,
        "label_propagation": 0.8821358680725098,
        "infomap": 1.0718822479248047
    },
    "memory_usage": {
        "leiden": 184.921875,
        "hedonic": 192.6328125,
        "louvain": 186.40625,
        "label_propagation": 190.6484375,
        "infomap": 194.90234375
    },
    "metrics": {
        "leiden": {
            "ami": 0.414109350137588,
            "rand_index": 0.6895490934160974,
            "f1_score": 0.49928817659706254,
            "iou": 0.9971567541661
        },
        "hedonic": {
            "ami": 0.414109350137588,
            "rand_index": 0.6895490934160974,
            "f1_score": 0.49928817659706254,
            "iou": 0.9971567541661
        },
        "louvain": {
            "ami": 0.5012543162610158,
            "rand_index": 0.7164909359898707,
            "f1_score": 0.48755231479483974,
            "iou": 0.9514187084280542
        },
        "label_propagation": {
            "ami": 0.48858886209409996,
            "rand_index": 0.7064943459586576,
            "f1_score": 0.4862735442570479,
            "iou": 0.9465612269350587
        },
        "infomap": {
            "ami": 0.49629821173212224,
            "rand_index": 0.7146170539446894,
            "f1_score": 0.4857431196938459,
            "iou": 0.9445534679179539
        }
    }
}