{
    "file_name": "61034.jpg",
    "processing_time": {
        "leiden": 0.7899580001831055,
        "hedonic": 0.8433334827423096,
        "louvain": 0.785926103591919,
        "label_propagation": 0.776709794998169,
        "infomap": 0.9668619632720947
    },
    "memory_usage": {
        "leiden": 185.40625,
        "hedonic": 193.75390625,
        "louvain": 185.9375,
        "label_propagation": 190.63671875,
        "infomap": 194.734375
    },
    "metrics": {
        "leiden": {
            "ami": 0.414109350137588,
            "rand_index": 0.6895490934160974,
            "f1_score": 0.49928817659706254,
            "iou": 0.9971567541661
        },
        "hedonic": {
            "ami": 0.414109350137588,
            "rand_index": 0.6895490934160974,
            "f1_score": 0.49928817659706254,
            "iou": 0.9971567541661
        },
        "louvain": {
            "ami": 0.5012543162610158,
            "rand_index": 0.7164909359898707,
            "f1_score": 0.48755231479483974,
            "iou": 0.9514187084280542
        },
        "label_propagation": {
            "ami": 0.48858886209409996,
            "rand_index": 0.7064943459586576,
            "f1_score": 0.4862735442570479,
            "iou": 0.9465612269350587
        },
        "infomap": {
            "ami": 0.49629821173212224,
            "rand_index": 0.7146170539446894,
            "f1_score": 0.4857431196938459,
            "iou": 0.9445534679179539
        }
    }
}