{
    "file_name": "64061.jpg",
    "processing_time": {
        "leiden": 1.2742400169372559,
        "hedonic": 1.2983219623565674,
        "louvain": 0.8702070713043213,
        "label_propagation": 0.8521509170532227,
        "infomap": 1.1408512592315674
    },
    "memory_usage": {
        "leiden": 185.828125,
        "hedonic": 193.91796875,
        "louvain": 188.140625,
        "label_propagation": 190.890625,
        "infomap": 184.296875
    },
    "metrics": {
        "leiden": {
            "ami": 0.5190404342793419,
            "rand_index": 0.8212718964611124,
            "f1_score": 0.49924757895556177,
            "iou": 0.9969948381163335
        },
        "hedonic": {
            "ami": 0.5190404342793419,
            "rand_index": 0.8212718964611124,
            "f1_score": 0.49924757895556177,
            "iou": 0.9969948381163335
        },
        "louvain": {
            "ami": 0.5117940299827762,
            "rand_index": 0.8092504153524201,
            "f1_score": 0.4657645157830271,
            "iou": 0.8718337316468158
        },
        "label_propagation": {
            "ami": 0.4886951581027103,
            "rand_index": 0.7950403222139457,
            "f1_score": 0.4827714427367377,
            "iou": 0.9333812604840642
        },
        "infomap": {
            "ami": 0.5422271438788728,
            "rand_index": 0.8187520450500452,
            "f1_score": 0.48773423399511623,
            "iou": 0.9521117091210549
        }
    }
}