{
    "file_name": "64061.jpg",
    "processing_time": {
        "leiden": 0.8297109603881836,
        "hedonic": 0.8785066604614258,
        "louvain": 0.8078470230102539,
        "label_propagation": 0.8072376251220703,
        "infomap": 1.060743808746338
    },
    "memory_usage": {
        "leiden": 185.79296875,
        "hedonic": 193.96484375,
        "louvain": 187.3359375,
        "label_propagation": 190.03125,
        "infomap": 184.0859375
    },
    "metrics": {
        "leiden": {
            "ami": 0.5190404342793419,
            "rand_index": 0.8212718964611124,
            "f1_score": 0.49924757895556177,
            "iou": 0.9969948381163335
        },
        "hedonic": {
            "ami": 0.5190404342793419,
            "rand_index": 0.8212718964611124,
            "f1_score": 0.49924757895556177,
            "iou": 0.9969948381163335
        },
        "louvain": {
            "ami": 0.5117940299827762,
            "rand_index": 0.8092504153524201,
            "f1_score": 0.4657645157830271,
            "iou": 0.8718337316468158
        },
        "label_propagation": {
            "ami": 0.4886951581027103,
            "rand_index": 0.7950403222139457,
            "f1_score": 0.4827714427367377,
            "iou": 0.9333812604840642
        },
        "infomap": {
            "ami": 0.5422271438788728,
            "rand_index": 0.8187520450500452,
            "f1_score": 0.48773423399511623,
            "iou": 0.9521117091210549
        }
    }
}