{
    "file_name": "65084.jpg",
    "processing_time": {
        "leiden": 0.7939779758453369,
        "hedonic": 0.8021020889282227,
        "louvain": 0.7670588493347168,
        "label_propagation": 0.7809820175170898,
        "infomap": 0.9504461288452148
    },
    "memory_usage": {
        "leiden": 191.359375,
        "hedonic": 195.09765625,
        "louvain": 191.609375,
        "label_propagation": 193.9921875,
        "infomap": 198.1875
    },
    "metrics": {
        "leiden": {
            "ami": 0.6380710906076492,
            "rand_index": 0.9218129381863583,
            "f1_score": 0.49563419342826065,
            "iou": 0.982687935958964
        },
        "hedonic": {
            "ami": 0.6380710906076492,
            "rand_index": 0.9218129381863583,
            "f1_score": 0.49563419342826065,
            "iou": 0.982687935958964
        },
        "louvain": {
            "ami": 0.600922327839384,
            "rand_index": 0.8675444829530589,
            "f1_score": 0.46322936366670375,
            "iou": 0.8629931153295639
        },
        "label_propagation": {
            "ami": 0.6632583770423153,
            "rand_index": 0.9041366304004917,
            "f1_score": 0.46322936366670375,
            "iou": 0.8629931153295639
        },
        "infomap": {
            "ami": 0.6752143817692661,
            "rand_index": 0.9169478816229579,
            "f1_score": 0.4853986135181976,
            "iou": 0.9432516628778311
        }
    }
}