{
    "file_name": "65084.jpg",
    "processing_time": {
        "leiden": 0.8114852905273438,
        "hedonic": 0.8518564701080322,
        "louvain": 0.8014998435974121,
        "label_propagation": 0.7995634078979492,
        "infomap": 0.9909987449645996
    },
    "memory_usage": {
        "leiden": 192.0625,
        "hedonic": 195.7734375,
        "louvain": 192.18359375,
        "label_propagation": 193.80078125,
        "infomap": 197.84765625
    },
    "metrics": {
        "leiden": {
            "ami": 0.6380710906076492,
            "rand_index": 0.9218129381863583,
            "f1_score": 0.49563419342826065,
            "iou": 0.982687935958964
        },
        "hedonic": {
            "ami": 0.6380710906076492,
            "rand_index": 0.9218129381863583,
            "f1_score": 0.49563419342826065,
            "iou": 0.982687935958964
        },
        "louvain": {
            "ami": 0.600922327839384,
            "rand_index": 0.8675444829530589,
            "f1_score": 0.46322936366670375,
            "iou": 0.8629931153295639
        },
        "label_propagation": {
            "ami": 0.6632583770423153,
            "rand_index": 0.9041366304004917,
            "f1_score": 0.46322936366670375,
            "iou": 0.8629931153295639
        },
        "infomap": {
            "ami": 0.6752143817692661,
            "rand_index": 0.9169478816229579,
            "f1_score": 0.4853986135181976,
            "iou": 0.9432516628778311
        }
    }
}