{
    "file_name": "69007.jpg",
    "processing_time": {
        "leiden": 0.768622875213623,
        "hedonic": 0.8221979141235352,
        "louvain": 0.7973206043243408,
        "label_propagation": 0.799222469329834,
        "infomap": 0.9725100994110107
    },
    "memory_usage": {
        "leiden": 194.71484375,
        "hedonic": 199.375,
        "louvain": 203.22265625,
        "label_propagation": 198.35546875,
        "infomap": 202.16796875
    },
    "metrics": {
        "leiden": {
            "ami": 0.5280429181348761,
            "rand_index": 0.8294783765394147,
            "f1_score": 0.4992004774430847,
            "iou": 0.9968070154986043
        },
        "hedonic": {
            "ami": 0.5280429181348761,
            "rand_index": 0.8294783765394147,
            "f1_score": 0.4992004774430847,
            "iou": 0.9968070154986043
        },
        "louvain": {
            "ami": 0.5074831048149681,
            "rand_index": 0.8030786376252698,
            "f1_score": 0.46568501920614597,
            "iou": 0.8715552360412173
        },
        "label_propagation": {
            "ami": 0.4490979135609244,
            "rand_index": 0.7660752259282597,
            "f1_score": 0.48114805330967597,
            "iou": 0.9273320768647871
        },
        "infomap": {
            "ami": 0.5165936789759448,
            "rand_index": 0.8029211128562249,
            "f1_score": 0.48695975783594114,
            "iou": 0.9491648370153043
        }
    }
}