{
    "file_name": "69000.jpg",
    "processing_time": {
        "leiden": 0.8098039627075195,
        "hedonic": 0.8544445037841797,
        "louvain": 0.7857856750488281,
        "label_propagation": 0.7942178249359131,
        "infomap": 0.9853024482727051
    },
    "memory_usage": {
        "leiden": 194.8828125,
        "hedonic": 200.69140625,
        "louvain": 197.08984375,
        "label_propagation": 199.9609375,
        "infomap": 203.765625
    },
    "metrics": {
        "leiden": {
            "ami": 0.42837655007920084,
            "rand_index": 0.774232979259007,
            "f1_score": 0.49825984382463906,
            "iou": 0.9930635164280024
        },
        "hedonic": {
            "ami": 0.42837655007920084,
            "rand_index": 0.774232979259007,
            "f1_score": 0.49825984382463906,
            "iou": 0.9930635164280024
        },
        "louvain": {
            "ami": 0.4600461779307709,
            "rand_index": 0.7710448384804348,
            "f1_score": 0.45717741113271293,
            "iou": 0.8422225244655152
        },
        "label_propagation": {
            "ami": 0.47201360152002464,
            "rand_index": 0.7770244731159457,
            "f1_score": 0.47360723308070735,
            "iou": 0.8997221520586006
        },
        "infomap": {
            "ami": 0.47133058643587505,
            "rand_index": 0.7812565320541932,
            "f1_score": 0.483698487219614,
            "iou": 0.9368527405910584
        }
    }
}