{
    "file_name": "69000.jpg",
    "processing_time": {
        "leiden": 0.7706053256988525,
        "hedonic": 0.8321120738983154,
        "louvain": 0.7610323429107666,
        "label_propagation": 0.8038907051086426,
        "infomap": 0.9386606216430664
    },
    "memory_usage": {
        "leiden": 195.09375,
        "hedonic": 199.60546875,
        "louvain": 196.07421875,
        "label_propagation": 198.08203125,
        "infomap": 202.3671875
    },
    "metrics": {
        "leiden": {
            "ami": 0.42837655007920084,
            "rand_index": 0.774232979259007,
            "f1_score": 0.49825984382463906,
            "iou": 0.9930635164280024
        },
        "hedonic": {
            "ami": 0.42837655007920084,
            "rand_index": 0.774232979259007,
            "f1_score": 0.49825984382463906,
            "iou": 0.9930635164280024
        },
        "louvain": {
            "ami": 0.4600461779307709,
            "rand_index": 0.7710448384804348,
            "f1_score": 0.45717741113271293,
            "iou": 0.8422225244655152
        },
        "label_propagation": {
            "ami": 0.47201360152002464,
            "rand_index": 0.7770244731159457,
            "f1_score": 0.47360723308070735,
            "iou": 0.8997221520586006
        },
        "infomap": {
            "ami": 0.47133058643587505,
            "rand_index": 0.7812565320541932,
            "f1_score": 0.483698487219614,
            "iou": 0.9368527405910584
        }
    }
}