{
    "file_name": "69022.jpg",
    "processing_time": {
        "leiden": 0.7466204166412354,
        "hedonic": 0.7667641639709473,
        "louvain": 0.7647535800933838,
        "label_propagation": 0.7697036266326904,
        "infomap": 0.8708329200744629
    },
    "memory_usage": {
        "leiden": 194.3359375,
        "hedonic": 201.02734375,
        "louvain": 206.96875,
        "label_propagation": 210.15234375,
        "infomap": 203.5859375
    },
    "metrics": {
        "leiden": {
            "ami": 0.16598284120547427,
            "rand_index": 0.3891424984730394,
            "f1_score": 0.49900710600603526,
            "iou": 0.9960362951017157
        },
        "hedonic": {
            "ami": 0.16598284120547427,
            "rand_index": 0.3891424984730394,
            "f1_score": 0.49900710600603526,
            "iou": 0.9960362951017157
        },
        "louvain": {
            "ami": 0.13220641796200436,
            "rand_index": 0.46209358710763,
            "f1_score": 0.46590865851928975,
            "iou": 0.8723389097220873
        },
        "label_propagation": {
            "ami": 0.12729287488990396,
            "rand_index": 0.46095373670866385,
            "f1_score": 0.4795512844281,
            "iou": 0.921418902727314
        },
        "infomap": {
            "ami": 0.13610679183747226,
            "rand_index": 0.43566575265476043,
            "f1_score": 0.4795512844281,
            "iou": 0.921418902727314
        }
    }
}