{
    "file_name": "69022.jpg",
    "processing_time": {
        "leiden": 0.7626066207885742,
        "hedonic": 0.7687392234802246,
        "louvain": 0.7382769584655762,
        "label_propagation": 0.76560378074646,
        "infomap": 0.8322200775146484
    },
    "memory_usage": {
        "leiden": 193.55859375,
        "hedonic": 200.12109375,
        "louvain": 203.65625,
        "label_propagation": 207.61328125,
        "infomap": 199.1328125
    },
    "metrics": {
        "leiden": {
            "ami": 0.16598284120547427,
            "rand_index": 0.3891424984730394,
            "f1_score": 0.49900710600603526,
            "iou": 0.9960362951017157
        },
        "hedonic": {
            "ami": 0.16598284120547427,
            "rand_index": 0.3891424984730394,
            "f1_score": 0.49900710600603526,
            "iou": 0.9960362951017157
        },
        "louvain": {
            "ami": 0.13220641796200436,
            "rand_index": 0.46209358710763,
            "f1_score": 0.46590865851928975,
            "iou": 0.8723389097220873
        },
        "label_propagation": {
            "ami": 0.12729287488990396,
            "rand_index": 0.46095373670866385,
            "f1_score": 0.4795512844281,
            "iou": 0.921418902727314
        },
        "infomap": {
            "ami": 0.13610679183747226,
            "rand_index": 0.43566575265476043,
            "f1_score": 0.4795512844281,
            "iou": 0.921418902727314
        }
    }
}