{
    "file_name": "70011.jpg",
    "processing_time": {
        "leiden": 0.8246757984161377,
        "hedonic": 0.8622522354125977,
        "louvain": 0.8147432804107666,
        "label_propagation": 0.8246486186981201,
        "infomap": 1.067495584487915
    },
    "memory_usage": {
        "leiden": 209.34765625,
        "hedonic": 213.35546875,
        "louvain": 210.14453125,
        "label_propagation": 209.484375,
        "infomap": 206.44921875
    },
    "metrics": {
        "leiden": {
            "ami": 0.050692699695581885,
            "rand_index": 0.08860171606515609,
            "f1_score": 0.4981212172431951,
            "iou": 0.9925130018587962
        },
        "hedonic": {
            "ami": 0.050692699695581885,
            "rand_index": 0.08860171606515609,
            "f1_score": 0.4981212172431951,
            "iou": 0.9925130018587962
        },
        "louvain": {
            "ami": 0.030121069673833892,
            "rand_index": 0.18790956522168087,
            "f1_score": 0.47248681225571926,
            "iou": 0.8956872040984191
        },
        "label_propagation": {
            "ami": 0.04491495192389045,
            "rand_index": 0.16787773948952583,
            "f1_score": 0.49514439300007845,
            "iou": 0.9807643732877378
        },
        "infomap": {
            "ami": 0.04041221929822228,
            "rand_index": 0.13589142486895622,
            "f1_score": 0.48417455099422707,
            "iou": 0.9386402937804808
        }
    }
}