{
    "file_name": "70011.jpg",
    "processing_time": {
        "leiden": 0.798914909362793,
        "hedonic": 0.8656151294708252,
        "louvain": 0.809441328048706,
        "label_propagation": 0.8426017761230469,
        "infomap": 1.0141215324401855
    },
    "memory_usage": {
        "leiden": 204.68359375,
        "hedonic": 209.09375,
        "louvain": 208.2578125,
        "label_propagation": 208.5234375,
        "infomap": 205.5859375
    },
    "metrics": {
        "leiden": {
            "ami": 0.050692699695581885,
            "rand_index": 0.08860171606515609,
            "f1_score": 0.4981212172431951,
            "iou": 0.9925130018587962
        },
        "hedonic": {
            "ami": 0.050692699695581885,
            "rand_index": 0.08860171606515609,
            "f1_score": 0.4981212172431951,
            "iou": 0.9925130018587962
        },
        "louvain": {
            "ami": 0.030121069673833892,
            "rand_index": 0.18790956522168087,
            "f1_score": 0.47248681225571926,
            "iou": 0.8956872040984191
        },
        "label_propagation": {
            "ami": 0.04491495192389045,
            "rand_index": 0.16787773948952583,
            "f1_score": 0.49514439300007845,
            "iou": 0.9807643732877378
        },
        "infomap": {
            "ami": 0.04041221929822228,
            "rand_index": 0.13589142486895622,
            "f1_score": 0.48417455099422707,
            "iou": 0.9386402937804808
        }
    }
}