{
    "file_name": "70090.jpg",
    "processing_time": {
        "leiden": 0.7602307796478271,
        "hedonic": 0.7983055114746094,
        "louvain": 0.7809076309204102,
        "label_propagation": 0.7637994289398193,
        "infomap": 0.9293735027313232
    },
    "memory_usage": {
        "leiden": 211.1328125,
        "hedonic": 206.875,
        "louvain": 211.9375,
        "label_propagation": 215.98828125,
        "infomap": 206.4375
    },
    "metrics": {
        "leiden": {
            "ami": 0.3083380420470189,
            "rand_index": 0.6144955910679121,
            "f1_score": 0.4974285695685856,
            "iou": 0.9897669056547561
        },
        "hedonic": {
            "ami": 0.3083380420470189,
            "rand_index": 0.6144955910679121,
            "f1_score": 0.4974285695685856,
            "iou": 0.9897669056547561
        },
        "louvain": {
            "ami": 0.22762251492663194,
            "rand_index": 0.6072826096659083,
            "f1_score": 0.480453187250996,
            "iou": 0.9247543733525042
        },
        "label_propagation": {
            "ami": 0.3234361482823069,
            "rand_index": 0.6382340689791903,
            "f1_score": 0.4837899734207051,
            "iou": 0.9371960026165633
        },
        "infomap": {
            "ami": 0.3375658203913852,
            "rand_index": 0.6355876452751906,
            "f1_score": 0.4837606323222597,
            "iou": 0.9370858997027222
        }
    }
}