{
    "file_name": "71076.jpg",
    "processing_time": {
        "leiden": 0.8094780445098877,
        "hedonic": 0.8664467334747314,
        "louvain": 0.808734655380249,
        "label_propagation": 0.8431341648101807,
        "infomap": 1.0393836498260498
    },
    "memory_usage": {
        "leiden": 213.23828125,
        "hedonic": 206.2578125,
        "louvain": 213.08984375,
        "label_propagation": 216.04296875,
        "infomap": 211.41796875
    },
    "metrics": {
        "leiden": {
            "ami": 0.4849908928776223,
            "rand_index": 0.7512044123683996,
            "f1_score": 0.4991468683906629,
            "iou": 0.9965932863129124
        },
        "hedonic": {
            "ami": 0.4849908928776223,
            "rand_index": 0.7512044123683996,
            "f1_score": 0.4991468683906629,
            "iou": 0.9965932863129124
        },
        "louvain": {
            "ami": 0.480510622700446,
            "rand_index": 0.7299391511095544,
            "f1_score": 0.48097363874116755,
            "iou": 0.9266844126657211
        },
        "label_propagation": {
            "ami": 0.4440442735909282,
            "rand_index": 0.7233289432271321,
            "f1_score": 0.48540032862175503,
            "iou": 0.9432581395198217
        },
        "infomap": {
            "ami": 0.5255004944655347,
            "rand_index": 0.7571259792942763,
            "f1_score": 0.48097363874116755,
            "iou": 0.9266844126657211
        }
    }
}