{
    "file_name": "71076.jpg",
    "processing_time": {
        "leiden": 0.7924885749816895,
        "hedonic": 0.876258134841919,
        "louvain": 0.7953100204467773,
        "label_propagation": 0.7917962074279785,
        "infomap": 1.0162403583526611
    },
    "memory_usage": {
        "leiden": 212.765625,
        "hedonic": 205.9296875,
        "louvain": 212.27734375,
        "label_propagation": 214.94921875,
        "infomap": 209.8671875
    },
    "metrics": {
        "leiden": {
            "ami": 0.4849908928776223,
            "rand_index": 0.7512044123683996,
            "f1_score": 0.4991468683906629,
            "iou": 0.9965932863129124
        },
        "hedonic": {
            "ami": 0.4849908928776223,
            "rand_index": 0.7512044123683996,
            "f1_score": 0.4991468683906629,
            "iou": 0.9965932863129124
        },
        "louvain": {
            "ami": 0.480510622700446,
            "rand_index": 0.7299391511095544,
            "f1_score": 0.48097363874116755,
            "iou": 0.9266844126657211
        },
        "label_propagation": {
            "ami": 0.4440442735909282,
            "rand_index": 0.7233289432271321,
            "f1_score": 0.48540032862175503,
            "iou": 0.9432581395198217
        },
        "infomap": {
            "ami": 0.5255004944655347,
            "rand_index": 0.7571259792942763,
            "f1_score": 0.48097363874116755,
            "iou": 0.9266844126657211
        }
    }
}