{
    "file_name": "71099.jpg",
    "processing_time": {
        "leiden": 0.8352668285369873,
        "hedonic": 0.8255305290222168,
        "louvain": 0.8273227214813232,
        "label_propagation": 0.7856686115264893,
        "infomap": 0.9505794048309326
    },
    "memory_usage": {
        "leiden": 216.5390625,
        "hedonic": 216.94921875,
        "louvain": 220.62890625,
        "label_propagation": 224.60546875,
        "infomap": 214.390625
    },
    "metrics": {
        "leiden": {
            "ami": 0.5218978244456055,
            "rand_index": 0.842367342096532,
            "f1_score": 0.4949016144069876,
            "iou": 0.9798123069151107
        },
        "hedonic": {
            "ami": 0.5218978244456055,
            "rand_index": 0.842367342096532,
            "f1_score": 0.4949016144069876,
            "iou": 0.9798123069151107
        },
        "louvain": {
            "ami": 0.4867557297199309,
            "rand_index": 0.8042728523027298,
            "f1_score": 0.4496724431676421,
            "iou": 0.8170996301837423
        },
        "label_propagation": {
            "ami": 0.5252046414485428,
            "rand_index": 0.8186923117863508,
            "f1_score": 0.4810817895840615,
            "iou": 0.927085964469142
        },
        "infomap": {
            "ami": 0.5330517376348757,
            "rand_index": 0.8344066168562561,
            "f1_score": 0.4808078362537703,
            "iou": 0.9260691316766083
        }
    }
}