{
    "file_name": "71099.jpg",
    "processing_time": {
        "leiden": 0.8167896270751953,
        "hedonic": 0.8200130462646484,
        "louvain": 0.7755959033966064,
        "label_propagation": 0.7480571269989014,
        "infomap": 0.9116311073303223
    },
    "memory_usage": {
        "leiden": 214.3828125,
        "hedonic": 215.69140625,
        "louvain": 219.9921875,
        "label_propagation": 221.87109375,
        "infomap": 213.66796875
    },
    "metrics": {
        "leiden": {
            "ami": 0.5218978244456055,
            "rand_index": 0.842367342096532,
            "f1_score": 0.4949016144069876,
            "iou": 0.9798123069151107
        },
        "hedonic": {
            "ami": 0.5218978244456055,
            "rand_index": 0.842367342096532,
            "f1_score": 0.4949016144069876,
            "iou": 0.9798123069151107
        },
        "louvain": {
            "ami": 0.4867557297199309,
            "rand_index": 0.8042728523027298,
            "f1_score": 0.4496724431676421,
            "iou": 0.8170996301837423
        },
        "label_propagation": {
            "ami": 0.5252046414485428,
            "rand_index": 0.8186923117863508,
            "f1_score": 0.4810817895840615,
            "iou": 0.927085964469142
        },
        "infomap": {
            "ami": 0.5330517376348757,
            "rand_index": 0.8344066168562561,
            "f1_score": 0.4808078362537703,
            "iou": 0.9260691316766083
        }
    }
}