{
    "file_name": "77062.jpg",
    "processing_time": {
        "leiden": 0.7679131031036377,
        "hedonic": 0.7862863540649414,
        "louvain": 0.7632324695587158,
        "label_propagation": 0.7696928977966309,
        "infomap": 0.8290953636169434
    },
    "memory_usage": {
        "leiden": 219.73828125,
        "hedonic": 224.49609375,
        "louvain": 217.53125,
        "label_propagation": 220.55078125,
        "infomap": 224.83984375
    },
    "metrics": {
        "leiden": {
            "ami": 0.4613566665576999,
            "rand_index": 0.8302495482038845,
            "f1_score": 0.4984016529247802,
            "iou": 0.9936269842811899
        },
        "hedonic": {
            "ami": 0.4613566665576999,
            "rand_index": 0.8302495482038845,
            "f1_score": 0.4984016529247802,
            "iou": 0.9936269842811899
        },
        "louvain": {
            "ami": 0.3714748348104322,
            "rand_index": 0.730909897560665,
            "f1_score": 0.4531148168088181,
            "iou": 0.8285373799392491
        },
        "label_propagation": {
            "ami": 0.3553599341503177,
            "rand_index": 0.7495791690287115,
            "f1_score": 0.4026624677927283,
            "iou": 0.6740953750299544
        },
        "infomap": {
            "ami": 0.39394806136744415,
            "rand_index": 0.7489377592355656,
            "f1_score": 0.4958153598986413,
            "iou": 0.9834003665779367
        }
    }
}