{
    "file_name": "77062.jpg",
    "processing_time": {
        "leiden": 0.7409994602203369,
        "hedonic": 0.759641170501709,
        "louvain": 0.7328524589538574,
        "label_propagation": 0.7505021095275879,
        "infomap": 0.7833840847015381
    },
    "memory_usage": {
        "leiden": 219.73046875,
        "hedonic": 224.09375,
        "louvain": 217.29296875,
        "label_propagation": 221.0078125,
        "infomap": 224.859375
    },
    "metrics": {
        "leiden": {
            "ami": 0.4613566665576999,
            "rand_index": 0.8302495482038845,
            "f1_score": 0.4984016529247802,
            "iou": 0.9936269842811899
        },
        "hedonic": {
            "ami": 0.4613566665576999,
            "rand_index": 0.8302495482038845,
            "f1_score": 0.4984016529247802,
            "iou": 0.9936269842811899
        },
        "louvain": {
            "ami": 0.3714748348104322,
            "rand_index": 0.730909897560665,
            "f1_score": 0.4531148168088181,
            "iou": 0.8285373799392491
        },
        "label_propagation": {
            "ami": 0.3553599341503177,
            "rand_index": 0.7495791690287115,
            "f1_score": 0.4026624677927283,
            "iou": 0.6740953750299544
        },
        "infomap": {
            "ami": 0.39394806136744415,
            "rand_index": 0.7489377592355656,
            "f1_score": 0.4958153598986413,
            "iou": 0.9834003665779367
        }
    }
}