{
    "file_name": "78098.jpg",
    "processing_time": {
        "leiden": 0.796396017074585,
        "hedonic": 0.7814030647277832,
        "louvain": 0.755436897277832,
        "label_propagation": 0.7871816158294678,
        "infomap": 0.8711578845977783
    },
    "memory_usage": {
        "leiden": 228.83203125,
        "hedonic": 219.78515625,
        "louvain": 224.42578125,
        "label_propagation": 228.3828125,
        "infomap": 232.05859375
    },
    "metrics": {
        "leiden": {
            "ami": 0.49926837025118503,
            "rand_index": 0.819166311458089,
            "f1_score": 0.4984814871356787,
            "iou": 0.9939443397387323
        },
        "hedonic": {
            "ami": 0.49926837025118503,
            "rand_index": 0.819166311458089,
            "f1_score": 0.4984814871356787,
            "iou": 0.9939443397387323
        },
        "louvain": {
            "ami": 0.4322956390166738,
            "rand_index": 0.7588033938308744,
            "f1_score": 0.4237930146551177,
            "iou": 0.735487464459427
        },
        "label_propagation": {
            "ami": 0.5170322807900333,
            "rand_index": 0.8094549127225511,
            "f1_score": 0.46859243299799347,
            "iou": 0.8817948070284519
        },
        "infomap": {
            "ami": 0.5111465835498405,
            "rand_index": 0.8179272429307537,
            "f1_score": 0.4703569921686065,
            "iou": 0.8880641964754115
        }
    }
}