{
    "file_name": "78098.jpg",
    "processing_time": {
        "leiden": 0.7792656421661377,
        "hedonic": 0.7563116550445557,
        "louvain": 0.7603821754455566,
        "label_propagation": 0.7289438247680664,
        "infomap": 0.8378067016601562
    },
    "memory_usage": {
        "leiden": 229.30078125,
        "hedonic": 219.6953125,
        "louvain": 223.66796875,
        "label_propagation": 228.234375,
        "infomap": 231.984375
    },
    "metrics": {
        "leiden": {
            "ami": 0.49926837025118503,
            "rand_index": 0.819166311458089,
            "f1_score": 0.4984814871356787,
            "iou": 0.9939443397387323
        },
        "hedonic": {
            "ami": 0.49926837025118503,
            "rand_index": 0.819166311458089,
            "f1_score": 0.4984814871356787,
            "iou": 0.9939443397387323
        },
        "louvain": {
            "ami": 0.4322956390166738,
            "rand_index": 0.7588033938308744,
            "f1_score": 0.4237930146551177,
            "iou": 0.735487464459427
        },
        "label_propagation": {
            "ami": 0.5170322807900333,
            "rand_index": 0.8094549127225511,
            "f1_score": 0.46859243299799347,
            "iou": 0.8817948070284519
        },
        "infomap": {
            "ami": 0.5111465835498405,
            "rand_index": 0.8179272429307537,
            "f1_score": 0.4703569921686065,
            "iou": 0.8880641964754115
        }
    }
}