{
    "file_name": "79073.jpg",
    "processing_time": {
        "leiden": 0.7894883155822754,
        "hedonic": 0.7778027057647705,
        "louvain": 0.7541248798370361,
        "label_propagation": 0.7652978897094727,
        "infomap": 0.8550794124603271
    },
    "memory_usage": {
        "leiden": 224.4375,
        "hedonic": 228.62109375,
        "louvain": 232.53515625,
        "label_propagation": 227.73828125,
        "infomap": 231.78125
    },
    "metrics": {
        "leiden": {
            "ami": 0.49182921389754736,
            "rand_index": 0.8127384302760798,
            "f1_score": 0.48101376447454663,
            "iou": 0.9268333754315062
        },
        "hedonic": {
            "ami": 0.49182921389754736,
            "rand_index": 0.8127384302760798,
            "f1_score": 0.48101376447454663,
            "iou": 0.9268333754315062
        },
        "louvain": {
            "ami": 0.4522759769531846,
            "rand_index": 0.7784003685914005,
            "f1_score": 0.4427445375603629,
            "iou": 0.7945091029203178
        },
        "label_propagation": {
            "ami": 0.44004767915100573,
            "rand_index": 0.7596601855279401,
            "f1_score": 0.44043822391023874,
            "iou": 0.7871127777669834
        },
        "infomap": {
            "ami": 0.48238789662814247,
            "rand_index": 0.7798356078091926,
            "f1_score": 0.4280597125500074,
            "iou": 0.7484342717987578
        }
    }
}