{
    "file_name": "79073.jpg",
    "processing_time": {
        "leiden": 0.7325010299682617,
        "hedonic": 0.7858288288116455,
        "louvain": 0.7263052463531494,
        "label_propagation": 0.7232913970947266,
        "infomap": 0.8220391273498535
    },
    "memory_usage": {
        "leiden": 223.44921875,
        "hedonic": 227.8515625,
        "louvain": 231.89453125,
        "label_propagation": 227.11328125,
        "infomap": 230.05078125
    },
    "metrics": {
        "leiden": {
            "ami": 0.49182921389754736,
            "rand_index": 0.8127384302760798,
            "f1_score": 0.48101376447454663,
            "iou": 0.9268333754315062
        },
        "hedonic": {
            "ami": 0.49182921389754736,
            "rand_index": 0.8127384302760798,
            "f1_score": 0.48101376447454663,
            "iou": 0.9268333754315062
        },
        "louvain": {
            "ami": 0.4522759769531846,
            "rand_index": 0.7784003685914005,
            "f1_score": 0.4427445375603629,
            "iou": 0.7945091029203178
        },
        "label_propagation": {
            "ami": 0.44004767915100573,
            "rand_index": 0.7596601855279401,
            "f1_score": 0.44043822391023874,
            "iou": 0.7871127777669834
        },
        "infomap": {
            "ami": 0.48238789662814247,
            "rand_index": 0.7798356078091926,
            "f1_score": 0.4280597125500074,
            "iou": 0.7484342717987578
        }
    }
}