{
    "file_name": "80085.jpg",
    "processing_time": {
        "leiden": 0.8182289600372314,
        "hedonic": 0.8605573177337646,
        "louvain": 0.7891116142272949,
        "label_propagation": 0.8163292407989502,
        "infomap": 1.0726428031921387
    },
    "memory_usage": {
        "leiden": 235.86328125,
        "hedonic": 233.0390625,
        "louvain": 237.3125,
        "label_propagation": 231.39453125,
        "infomap": 234.5546875
    },
    "metrics": {
        "leiden": {
            "ami": 0.48551166199929785,
            "rand_index": 0.7441432737405087,
            "f1_score": 0.49821744853024813,
            "iou": 0.9928951237362452
        },
        "hedonic": {
            "ami": 0.48551166199929785,
            "rand_index": 0.7441432737405087,
            "f1_score": 0.49821744853024813,
            "iou": 0.9928951237362452
        },
        "louvain": {
            "ami": 0.5044641062402496,
            "rand_index": 0.7320021060496098,
            "f1_score": 0.4735892863839841,
            "iou": 0.899657385638694
        },
        "label_propagation": {
            "ami": 0.5636677424468765,
            "rand_index": 0.7648195497639835,
            "f1_score": 0.4939016195698847,
            "iou": 0.9759004151527516
        },
        "infomap": {
            "ami": 0.5140099351539018,
            "rand_index": 0.7435970450807504,
            "f1_score": 0.48290655538959254,
            "iou": 0.9338864385593357
        }
    }
}