{
    "file_name": "80090.jpg",
    "processing_time": {
        "leiden": 0.7901175022125244,
        "hedonic": 0.843761682510376,
        "louvain": 0.7899565696716309,
        "label_propagation": 0.7912347316741943,
        "infomap": 1.010915756225586
    },
    "memory_usage": {
        "leiden": 233.7578125,
        "hedonic": 236.87890625,
        "louvain": 241.390625,
        "label_propagation": 236.15625,
        "infomap": 240.03515625
    },
    "metrics": {
        "leiden": {
            "ami": 0.26998574775201756,
            "rand_index": 0.47614366809417896,
            "f1_score": 0.497884559725009,
            "iou": 0.9915738887701504
        },
        "hedonic": {
            "ami": 0.26998574775201756,
            "rand_index": 0.47614366809417896,
            "f1_score": 0.497884559725009,
            "iou": 0.9915738887701504
        },
        "louvain": {
            "ami": 0.2385995751126306,
            "rand_index": 0.5117278504632627,
            "f1_score": 0.4683344237457388,
            "iou": 0.8808816005077688
        },
        "label_propagation": {
            "ami": 0.21202435510936013,
            "rand_index": 0.4865378998659469,
            "f1_score": 0.4849660426701536,
            "iou": 0.9416195490961846
        },
        "infomap": {
            "ami": 0.30983245245342705,
            "rand_index": 0.5162126998694235,
            "f1_score": 0.48828769711070014,
            "iou": 0.9542230944100103
        }
    }
}