{
    "file_name": "80090.jpg",
    "processing_time": {
        "leiden": 0.7816426753997803,
        "hedonic": 0.8209259510040283,
        "louvain": 0.7936666011810303,
        "label_propagation": 0.8034946918487549,
        "infomap": 1.0057110786437988
    },
    "memory_usage": {
        "leiden": 232.76171875,
        "hedonic": 236.51171875,
        "louvain": 240.11328125,
        "label_propagation": 236.890625,
        "infomap": 240.24609375
    },
    "metrics": {
        "leiden": {
            "ami": 0.26998574775201756,
            "rand_index": 0.47614366809417896,
            "f1_score": 0.497884559725009,
            "iou": 0.9915738887701504
        },
        "hedonic": {
            "ami": 0.26998574775201756,
            "rand_index": 0.47614366809417896,
            "f1_score": 0.497884559725009,
            "iou": 0.9915738887701504
        },
        "louvain": {
            "ami": 0.2385995751126306,
            "rand_index": 0.5117278504632627,
            "f1_score": 0.4683344237457388,
            "iou": 0.8808816005077688
        },
        "label_propagation": {
            "ami": 0.21202435510936013,
            "rand_index": 0.4865378998659469,
            "f1_score": 0.4849660426701536,
            "iou": 0.9416195490961846
        },
        "infomap": {
            "ami": 0.30983245245342705,
            "rand_index": 0.5162126998694235,
            "f1_score": 0.48828769711070014,
            "iou": 0.9542230944100103
        }
    }
}