{
    "file_name": "8068.jpg",
    "processing_time": {
        "leiden": 0.8210523128509521,
        "hedonic": 0.8388528823852539,
        "louvain": 0.7884008884429932,
        "label_propagation": 0.7857761383056641,
        "infomap": 0.9960191249847412
    },
    "memory_usage": {
        "leiden": 235.5,
        "hedonic": 241.50390625,
        "louvain": 246.24609375,
        "label_propagation": 241.71484375,
        "infomap": 244.828125
    },
    "metrics": {
        "leiden": {
            "ami": 0.3307682757121528,
            "rand_index": 0.5931049692857838,
            "f1_score": 0.4985205803352485,
            "iou": 0.9940997791465082
        },
        "hedonic": {
            "ami": 0.3307682757121528,
            "rand_index": 0.5931049692857838,
            "f1_score": 0.4985205803352485,
            "iou": 0.9940997791465082
        },
        "louvain": {
            "ami": 0.39727882816947535,
            "rand_index": 0.6520984364513733,
            "f1_score": 0.4437783917950639,
            "iou": 0.7978445735455081
        },
        "label_propagation": {
            "ami": 0.38714031693628026,
            "rand_index": 0.6344316733230103,
            "f1_score": 0.46307630248360376,
            "iou": 0.8624620306863298
        },
        "infomap": {
            "ami": 0.3864628029119188,
            "rand_index": 0.6239272399776734,
            "f1_score": 0.48728515261801664,
            "iou": 0.9504018756355205
        }
    }
}