{
    "file_name": "8068.jpg",
    "processing_time": {
        "leiden": 0.794062614440918,
        "hedonic": 0.8562359809875488,
        "louvain": 0.8092677593231201,
        "label_propagation": 0.7910892963409424,
        "infomap": 1.012418270111084
    },
    "memory_usage": {
        "leiden": 234.9140625,
        "hedonic": 241.63671875,
        "louvain": 246.890625,
        "label_propagation": 242.6328125,
        "infomap": 245.66015625
    },
    "metrics": {
        "leiden": {
            "ami": 0.3307682757121528,
            "rand_index": 0.5931049692857838,
            "f1_score": 0.4985205803352485,
            "iou": 0.9940997791465082
        },
        "hedonic": {
            "ami": 0.3307682757121528,
            "rand_index": 0.5931049692857838,
            "f1_score": 0.4985205803352485,
            "iou": 0.9940997791465082
        },
        "louvain": {
            "ami": 0.39727882816947535,
            "rand_index": 0.6520984364513733,
            "f1_score": 0.4437783917950639,
            "iou": 0.7978445735455081
        },
        "label_propagation": {
            "ami": 0.38714031693628026,
            "rand_index": 0.6344316733230103,
            "f1_score": 0.46307630248360376,
            "iou": 0.8624620306863298
        },
        "infomap": {
            "ami": 0.3864628029119188,
            "rand_index": 0.6239272399776734,
            "f1_score": 0.48728515261801664,
            "iou": 0.9504018756355205
        }
    }
}