{
    "file_name": "81066.jpg",
    "processing_time": {
        "leiden": 0.7830474376678467,
        "hedonic": 0.8401968479156494,
        "louvain": 0.7841713428497314,
        "label_propagation": 0.7907154560089111,
        "infomap": 0.9633774757385254
    },
    "memory_usage": {
        "leiden": 241.3046875,
        "hedonic": 245.15625,
        "louvain": 248.9453125,
        "label_propagation": 190.51171875,
        "infomap": 194.77734375
    },
    "metrics": {
        "leiden": {
            "ami": 0.4258416397813444,
            "rand_index": 0.693827104213163,
            "f1_score": 0.49897459194600385,
            "iou": 0.9959067622619024
        },
        "hedonic": {
            "ami": 0.4258416397813444,
            "rand_index": 0.693827104213163,
            "f1_score": 0.49897459194600385,
            "iou": 0.9959067622619024
        },
        "louvain": {
            "ami": 0.5220094483871451,
            "rand_index": 0.7532920295557698,
            "f1_score": 0.47691353883993454,
            "iou": 0.9117298463092856
        },
        "label_propagation": {
            "ami": 0.526364565786191,
            "rand_index": 0.7637336201781023,
            "f1_score": 0.48433304388484405,
            "iou": 0.9392361448436215
        },
        "infomap": {
            "ami": 0.4985405948246174,
            "rand_index": 0.7228472680634803,
            "f1_score": 0.48433304388484405,
            "iou": 0.9392361448436215
        }
    }
}