{
    "file_name": "81066.jpg",
    "processing_time": {
        "leiden": 0.8076536655426025,
        "hedonic": 0.8197498321533203,
        "louvain": 0.7703800201416016,
        "label_propagation": 0.7674343585968018,
        "infomap": 0.9620306491851807
    },
    "memory_usage": {
        "leiden": 242.046875,
        "hedonic": 245.0234375,
        "louvain": 249.40625,
        "label_propagation": 189.421875,
        "infomap": 193.64453125
    },
    "metrics": {
        "leiden": {
            "ami": 0.4258416397813444,
            "rand_index": 0.693827104213163,
            "f1_score": 0.49897459194600385,
            "iou": 0.9959067622619024
        },
        "hedonic": {
            "ami": 0.4258416397813444,
            "rand_index": 0.693827104213163,
            "f1_score": 0.49897459194600385,
            "iou": 0.9959067622619024
        },
        "louvain": {
            "ami": 0.5220094483871451,
            "rand_index": 0.7532920295557698,
            "f1_score": 0.47691353883993454,
            "iou": 0.9117298463092856
        },
        "label_propagation": {
            "ami": 0.526364565786191,
            "rand_index": 0.7637336201781023,
            "f1_score": 0.48433304388484405,
            "iou": 0.9392361448436215
        },
        "infomap": {
            "ami": 0.4985405948246174,
            "rand_index": 0.7228472680634803,
            "f1_score": 0.48433304388484405,
            "iou": 0.9392361448436215
        }
    }
}