{
    "file_name": "81095.jpg",
    "processing_time": {
        "leiden": 0.782623291015625,
        "hedonic": 0.8831741809844971,
        "louvain": 0.7948133945465088,
        "label_propagation": 0.7934730052947998,
        "infomap": 1.0907609462738037
    },
    "memory_usage": {
        "leiden": 192.90234375,
        "hedonic": 200.1484375,
        "louvain": 204.796875,
        "label_propagation": 198.7734375,
        "infomap": 202.67578125
    },
    "metrics": {
        "leiden": {
            "ami": 0.4855734973629922,
            "rand_index": 0.8015848019957991,
            "f1_score": 0.499351495774995,
            "iou": 0.9974093432037358
        },
        "hedonic": {
            "ami": 0.4855734973629922,
            "rand_index": 0.8015848019957991,
            "f1_score": 0.499351495774995,
            "iou": 0.9974093432037358
        },
        "louvain": {
            "ami": 0.5884580896139117,
            "rand_index": 0.8328154419118537,
            "f1_score": 0.471895009029716,
            "iou": 0.8935628655254824
        },
        "label_propagation": {
            "ami": 0.49493873558597523,
            "rand_index": 0.7845063663712881,
            "f1_score": 0.4963777924920331,
            "iou": 0.9856153781387427
        },
        "infomap": {
            "ami": 0.5458534306825142,
            "rand_index": 0.8144595564413006,
            "f1_score": 0.4702352359908321,
            "iou": 0.8876302614620372
        }
    }
}