{
    "file_name": "81095.jpg",
    "processing_time": {
        "leiden": 0.8252687454223633,
        "hedonic": 0.8814401626586914,
        "louvain": 0.824587345123291,
        "label_propagation": 0.808330774307251,
        "infomap": 1.1163568496704102
    },
    "memory_usage": {
        "leiden": 193.078125,
        "hedonic": 200.75390625,
        "louvain": 205.734375,
        "label_propagation": 199.33984375,
        "infomap": 203.21484375
    },
    "metrics": {
        "leiden": {
            "ami": 0.4855734973629922,
            "rand_index": 0.8015848019957991,
            "f1_score": 0.499351495774995,
            "iou": 0.9974093432037358
        },
        "hedonic": {
            "ami": 0.4855734973629922,
            "rand_index": 0.8015848019957991,
            "f1_score": 0.499351495774995,
            "iou": 0.9974093432037358
        },
        "louvain": {
            "ami": 0.5884580896139117,
            "rand_index": 0.8328154419118537,
            "f1_score": 0.471895009029716,
            "iou": 0.8935628655254824
        },
        "label_propagation": {
            "ami": 0.49493873558597523,
            "rand_index": 0.7845063663712881,
            "f1_score": 0.4963777924920331,
            "iou": 0.9856153781387427
        },
        "infomap": {
            "ami": 0.5458534306825142,
            "rand_index": 0.8144595564413006,
            "f1_score": 0.4702352359908321,
            "iou": 0.8876302614620372
        }
    }
}