{
    "file_name": "81090.jpg",
    "processing_time": {
        "leiden": 0.8330788612365723,
        "hedonic": 0.8317785263061523,
        "louvain": 0.7947854995727539,
        "label_propagation": 0.7805435657501221,
        "infomap": 0.9592595100402832
    },
    "memory_usage": {
        "leiden": 192.44140625,
        "hedonic": 199.34765625,
        "louvain": 203.21484375,
        "label_propagation": 196.3125,
        "infomap": 200.18359375
    },
    "metrics": {
        "leiden": {
            "ami": 0.33943381810178036,
            "rand_index": 0.6758844052628857,
            "f1_score": 0.4984375,
            "iou": 0.9937694704049844
        },
        "hedonic": {
            "ami": 0.33943381810178036,
            "rand_index": 0.6758844052628857,
            "f1_score": 0.4984375,
            "iou": 0.9937694704049844
        },
        "louvain": {
            "ami": 0.37362637834220785,
            "rand_index": 0.7169288670577955,
            "f1_score": 0.46457329125775915,
            "iou": 0.8676692508468209
        },
        "label_propagation": {
            "ami": 0.3884633375546585,
            "rand_index": 0.7079550744540334,
            "f1_score": 0.4613624232952266,
            "iou": 0.8565359032648753
        },
        "infomap": {
            "ami": 0.37653301942139594,
            "rand_index": 0.7052419685192917,
            "f1_score": 0.4606229345555408,
            "iou": 0.8539905829625456
        }
    }
}